,Genes,89D2.han,4F4D.han,5F62.han,4F55.han,5E8F.han
0,4F4D.01.1,5.626995306754262e-05,0.0550709329519682,9.790308761985988e-07,2.724864098151596e-06,7.58556638792889e-05
1,4F4D.01.10,5.254968367019424e-05,0.05198252314168395,2.96733815128499e-08,0.0005473014300769855,6.97122091454636e-15
2,4F4D.01.100,8.012830058547632e-06,0.05783194606052259,1.124982321607589e-07,4.685416939304588e-05,1.942810175860127e-06
3,4F4D.01.11,9.406460563947681e-05,0.05816360359077444,1.170415018330941e-07,0.0007587329111159957,7.987073824408041e-11
4,4F4D.01.12,4.349938661332886e-06,0.06295802337493508,4.835671606320122e-06,2.388884911079384e-06,6.037643907810244e-05
5,4F4D.01.13,3.632516248674682e-05,0.05548872429661784,2.452607867795878e-07,0.000452467911480389,0.000322085731837089
6,4F4D.01.14,0.0005175145647877,0.05213912196506705,7.356200434037376e-06,0.0007866856326089641,0.0001275414941402785
7,4F4D.01.15,0.0008345818687795193,0.05231777788300907,9.561819302065585e-06,0.002262434453999862,1.392349922236094e-14
8,4F4D.01.16,1.618711324508307e-05,0.0757843840262928,9.171726344660336e-07,0.001002547846853611,0.00027253478863653
9,4F4D.01.17,6.314027819785984e-05,0.05039994932107874,2.000002101977426e-07,0.002640675912453279,0.0001882191271230005
10,4F4D.01.18,0.0001465156590442615,0.05052983588213578,1.626300109223927e-05,8.556179711871135e-06,0.0001172510264276468
11,4F4D.01.19,1.392665910869297e-06,0.05241808616703787,3.631561943387287e-08,8.613700575110277e-05,4.199387762054947e-05
12,4F4D.01.2,4.352125374408744e-07,0.05650401489289319,1.729223364718757e-06,0.0004101393070643856,7.352779656603884e-18
13,4F4D.01.20,0.0001293128187960674,0.05375281818233756,1.327994073477799e-06,0.000631071128673323,9.830130206137951e-05
14,4F4D.01.21,1.378895330230768e-05,0.05271983636811497,1.056669941730561e-05,0.0001409237559683092,0.0005384041294295073
15,4F4D.01.22,4.053993247098425e-07,5.97097380128919e-11,2.531316842569118e-07,0.0005381163320076918,6.344417101047913e-07
16,4F4D.01.23,4.070664886130273e-07,0.05457284864453067,2.7704673989903e-06,1.120322014876828e-07,1.468947101896908e-05
17,4F4D.01.24,0.0001110897172037749,0.05244908796679169,3.49212999077007e-07,0.00123258065869932,3.68242057186731e-14
18,4F4D.01.25,0.0001993054253243652,0.067054581738413,1.199527937002315e-05,0.001288758308585054,8.041230491319555e-14
19,4F4D.01.26,0.0001935478805626555,0.05039395692792974,1.880010058343047e-07,0.001457744447706913,0.0001131062946255733
20,4F4D.01.27,0.0001592192971965036,0.06107266157113577,4.819088667169107e-07,0.0005187342916735486,0.001201145871326204
21,4F4D.01.28,3.914459615447669e-06,0.05385829588740609,2.586533407115057e-07,0.0006852699394624594,1.622206803002589e-17
22,4F4D.01.29,0.000149348816921115,0.05263158891781858,1.32570921821695e-05,0.00123584211239307,0.0003825106329768876
23,4F4D.01.3,0.0001669279792470485,0.05489274337324428,3.383669429593871e-05,0.003485084438271196,1.629972873227647e-11
24,4F4D.01.30,2.311639807583645e-06,0.05194994108520563,6.043823817680997e-06,4.507154401316788e-05,1.236552425559231e-23
25,4F4D.01.31,2.963588674174577e-06,0.05352772664582123,1.826155048853377e-06,0.000164936062942364,1.264799961134867e-05
26,4F4D.01.32,8.3968211838862e-05,0.0529846210811793,1.920557498818477e-05,0.0001969930687056593,0.001597835728303992
27,4F4D.01.33,5.020607547704094e-10,0.05019259452765763,9.098858313599637e-22,1.283722929694998e-10,5.090606574256303e-11
28,4F4D.01.34,0.0004815375034730678,0.07618148573421918,2.710025138904241e-07,0.002911023531348417,1.870578066031605e-13
29,4F4D.01.35,3.718774085337341e-06,0.05535290508864752,9.997728045171914e-06,0.0002976074496224857,2.2425872166138e-05
30,4F4D.01.36,2.027016835316632e-07,0.0570488048274817,3.062863799555081e-07,0.0002969928693895658,2.18985915239831e-05
31,4F4D.01.37,5.657811795642313e-05,0.05496201378492742,2.358285489834672e-06,0.0002689473661740842,0.0001928246331947879
32,4F4D.01.38,0.0001264785279780257,0.05174818203359949,5.058382097125413e-07,0.0003717628919820625,0.0004412252854335119
33,4F4D.01.39,1.196183422510599e-05,0.0641795630027895,2.461719721247409e-06,0.001317888715590176,2.198745423887368e-06
34,4F4D.01.4,1.232141959359495e-05,0.05133395651467338,3.45159804546667e-05,7.193010786457942e-05,4.105692627130346e-23
35,4F4D.01.40,0.0002632432552386613,0.05114312915221787,4.525344826234719e-05,6.305072992984598e-05,0.0004607784447213368
36,4F4D.01.41,4.383963903813197e-05,0.05127809934687564,6.613213472811937e-07,0.0008773968854402905,5.326437343217534e-07
37,4F4D.01.42,3.855402573448895e-05,0.05409978940783129,1.716709957249668e-06,0.0004018489938162949,5.700118085037472e-20
38,4F4D.01.43,0.0001845195165516883,0.05944554179278937,1.790199448061764e-05,0.001376065035270251,9.76828205037968e-20
39,4F4D.01.44,9.800275663145611e-05,0.06688023757580755,1.588103603041859e-05,9.827164349986685e-06,0.00058883509044075
40,4F4D.01.45,0.0001593998994436276,0.0540847111456341,1.005373971147325e-05,0.001344940607606209,0.0004115478051957755
41,4F4D.01.46,4.645192846945412e-05,0.06174820921826795,2.128525390727008e-05,0.0002560328063548214,2.198358800301706e-23
42,4F4D.01.47,6.682813869029883e-06,0.0516582864102136,9.491133714007128e-06,0.0003809995035951222,9.97675745727434e-05
43,4F4D.01.48,7.034527150518267e-06,0.05580142552457376,5.707257690516832e-05,0.000264860657784806,6.808629751619385e-05
44,4F4D.01.49,8.059635667193987e-07,0.05425665499393997,1.018885081558218e-05,0.001397966712318719,0.0001086820598885072
45,4F4D.01.5,5.664520358434033e-05,0.06043697999446293,3.847080542057315e-07,0.0003559486627572098,5.706939064559429e-10
46,4F4D.01.50,3.122141546454777e-05,9.924915405499705e-10,5.122830065920324e-13,0.0009471511719061033,3.714377384136375e-05
47,4F4D.01.51,2.520952271986907e-05,0.05289836410400307,4.692738926927385e-07,0.0002434054878831556,0.0001855974355821733
48,4F4D.01.52,0.0001474284740075325,0.06408628626235573,1.533407675147541e-06,0.0001080615294516762,1.19241246129492e-08
49,4F4D.01.53,4.907860463825075e-07,0.05305436401432226,1.992536413533008e-06,0.0003402092894642437,0.0001834054048731613
50,4F4D.01.54,3.494853321120318e-05,0.05092612270575805,7.576927389823938e-07,2.276038619349431e-06,0.0002494225776854112
51,4F4D.01.55,2.177238273323999e-05,0.05728259399562137,6.337160738436249e-05,1.586872213555978e-06,2.342210862678138e-08
52,4F4D.01.56,0.0002444684908227928,0.05202102563088831,4.040783269803385e-05,0.001768845503421516,2.942502925422049e-05
53,4F4D.01.57,4.905429719298923e-06,0.05778100514626583,1.875022810554001e-05,0.0008548222886377831,0.0002742313338817413
54,4F4D.01.58,7.020280000087622e-05,0.05131948769347684,1.837286253500438e-06,0.0003079795842871744,0.003880096757415849
55,4F4D.01.59,5.55081901649937e-05,0.05250654419093174,5.676522209308753e-07,2.628286148931051e-05,0.0001020194252238722
56,4F4D.01.6,8.772134513441286e-07,0.06123878918948004,2.365670351737812e-05,8.359130975278894e-05,9.311403456989148e-18
57,4F4D.01.60,1.638704512022289e-06,0.05100949961573432,1.433863778133842e-09,0.001229528669332789,2.415822741162772e-08
58,4F4D.01.61,4.587048997660736e-05,0.05269323622913196,4.503695731642322e-08,0.0001264140221427248,5.180032133126494e-07
59,4F4D.01.62,2.151254001397505e-06,0.05763077784828546,9.425531827545986e-07,0.0001556771604684912,2.276828445864329e-08
60,4F4D.01.63,0.0001374902472136686,0.05199624334927445,2.10778348018805e-06,0.0003219455939331714,1.002056109627353e-07
61,4F4D.01.64,0.0008709666002454862,0.05315126631926163,7.648167947718458e-05,0.001296017319982601,3.826154209624245e-20
62,4F4D.01.65,0.0005832263677396968,0.05236588082250412,6.483762523637426e-07,0.001428506233564449,7.51937135075721e-06
63,4F4D.01.66,3.35501866835191e-06,0.003454825724712685,2.736991427566487e-06,0.0001080284039176883,8.345373024389169e-07
64,4F4D.01.67,1.386898578004071e-05,0.05746666680331003,6.061912956062731e-08,0.000341644829381637,3.045602952223561e-06
65,4F4D.01.68,4.763931210497731e-05,0.05158942128137867,2.778112421155122e-05,3.811201565950288e-06,0.00113183524592725
66,4F4D.01.69,6.054902720340197e-05,0.05112782069363315,4.557450144654837e-05,1.073507947840299e-05,7.242293903257043e-05
67,4F4D.01.7,4.285315791768027e-06,0.05187535047665381,3.104441266567867e-05,3.650071210497768e-05,0.0006222897175998186
68,4F4D.01.70,1.652325858804351e-05,0.05131363250392563,7.612503339490711e-11,2.310600088844554e-05,6.437140100108609e-07
69,4F4D.01.71,4.094521353774513e-07,0.01359345025126317,5.260004240498841e-06,0.0003250827422223747,2.98692749465103e-22
70,4F4D.01.72,0.0001069747634994904,0.05837390020504176,7.187027496436182e-06,0.000188593943045459,0.001398304626764277
71,4F4D.01.73,1.560078241606435e-05,0.07134428604447594,7.382764137450708e-06,0.0001472622681021033,2.794898816380302e-24
72,4F4D.01.74,2.52068425146251e-06,0.002228454991910503,1.641695253897462e-07,0.00066224114464754,4.085549291222119e-10
73,4F4D.01.75,2.925738548897832e-07,0.05408763275386227,3.721822393202021e-06,0.001293835237400055,0.0006895357253743668
74,4F4D.01.76,2.443280861156909e-05,0.05383851197325126,1.320714326440132e-05,0.0004446443405021746,0.0004378929165998494
75,4F4D.01.77,6.076894181255598e-05,0.05567600267028951,1.686080169575039e-05,1.14548934007208e-05,2.244907569246601e-05
76,4F4D.01.78,0.000157191633931522,0.05583152702524634,6.231017884101958e-06,9.626277062048616e-10,4.909057514377991e-16
77,4F4D.01.79,1.239063917007138e-05,0.05190316369950927,2.255375399946773e-08,0.001769112834966889,0.0001390830736206864
78,4F4D.01.8,4.984253927893282e-05,0.05095300525861371,8.604463429127832e-06,0.002510145977228218,1.396398068672189e-05
79,4F4D.01.80,2.397623988040293e-05,0.05199942353706894,2.723872115102887e-06,0.0001606332068189566,3.414856993853951e-05
80,4F4D.01.81,3.774888741490077e-06,0.05830466849134016,6.850585097890231e-06,1.22120965969288e-10,1.035292915500845e-11
81,4F4D.01.82,2.166780130517547e-05,0.05561732416973176,1.049799454019296e-05,0.001357292628717798,0.0001805260492680612
82,4F4D.01.83,2.395035693966214e-05,0.0087161897175483,2.546275188577304e-05,0.0007423015226316498,7.740024793393664e-13
83,4F4D.01.84,5.185134314061765e-05,0.05728021988064424,9.079610826090326e-06,0.008458495318077396,0.0008613106114755995
84,4F4D.01.85,0.0001096500138530661,0.05165040490335912,1.65461171550859e-07,9.83683918044494e-05,0.0002096263710711178
85,4F4D.01.86,4.390049769815907e-06,0.005949270674091203,1.482352496460772e-05,5.270125858844246e-05,0.0002088163081818464
86,4F4D.01.87,9.97613408842321e-05,0.06269865937559257,4.195647417982172e-05,4.934760190646093e-05,2.154226605575049e-05
87,4F4D.01.88,7.37536701843423e-05,0.06113248448994971,3.634149480911267e-08,0.0003619017894837663,3.542530474398848e-05
88,4F4D.01.89,0.0001368402968299468,0.05508979566100251,1.071761967162237e-05,0.0001933284191280362,0.0002547651786003105
89,4F4D.01.9,3.135804987197188e-06,0.0031673196490885,2.714379089841848e-06,0.0001703688851594417,0.0005454853307894593
90,4F4D.01.90,1.861790785314677e-05,0.05010744410954687,0.000102210175289308,0.006288484817297425,9.898537297454583e-08
91,4F4D.01.91,0.0001840602868054104,0.05196110539194911,1.585100775604342e-07,0.0006527274054806696,1.30815601643197e-15
92,4F4D.01.92,2.472167781751707e-06,0.004789176422722031,5.624431662917966e-07,0.0002300419287362214,3.614302709475629e-19
93,4F4D.01.93,2.203450868179488e-05,0.05485985837693538,1.187615906378125e-07,0.0002762535234333147,7.107303840336229e-05
94,4F4D.01.94,4.96037833165517e-05,0.05000837323854977,5.796051826022024e-06,0.0003096112282328,0.0003169011894159902
95,4F4D.01.95,2.928910418617945e-05,0.052197915028623,2.685526609019321e-06,0.0002911245188016372,4.889974903882007e-06
96,4F4D.01.96,4.338794026601531e-05,0.0563410334862048,2.882831101493233e-06,0.0002660822659938762,1.413457847886871e-07
97,4F4D.01.97,9.90482584462542e-06,0.05840899759915339,9.877177493438784e-07,0.0009989211246022832,5.482253069212415e-07
98,4F4D.01.98,5.602573084762223e-05,0.05207433073361653,1.236808945289552e-06,0.0004490107125973346,9.497056313265482e-13
99,4F4D.01.99,1.290684932735619e-05,0.05029365107701748,5.956962524964351e-05,0.0001275099510979051,6.462013389060379e-09
100,4F55.02.1,2.813883593782831e-05,0.001070784798437987,3.267256377655317e-06,0.05392416393885159,0.0003098014670957074
101,4F55.02.10,5.723221991412182e-08,3.712443798778578e-10,2.484169268281826e-08,0.0612589859808902,0.0001533427800767831
102,4F55.02.100,5.132283722494501e-06,2.834296024532298e-09,1.084931431827911e-08,3.842743094021793e-05,0.0008614706494858502
103,4F55.02.11,1.888976832688974e-05,3.445920386547872e-05,1.963350352125116e-05,0.05179120798184206,8.651285736304945e-06
104,4F55.02.12,1.941605158803387e-05,5.438035987229001e-05,1.508862355676417e-06,0.05191952298781178,0.0005207360908858775
105,4F55.02.13,0.0001343168651935366,3.935977193085519e-05,4.890932255671907e-07,0.06383120461359576,0.0001078104497743819
106,4F55.02.14,1.604552024865267e-06,0.0002078424787545868,1.007129269664534e-07,0.05427593505929609,3.588216924604882e-05
107,4F55.02.15,3.450839241176282e-06,7.955402098716537e-05,2.029517387004521e-07,0.05057340219462724,7.364902699641317e-05
108,4F55.02.16,0.0001178610757608286,0.0001238259800640269,1.004418050020403e-07,0.051914297507506,2.846950128556031e-05
109,4F55.02.17,1.033389264423403e-05,4.665218027460631e-05,6.950467162367852e-08,0.05616810239971554,2.538295957307389e-05
110,4F55.02.18,4.988675375817356e-05,7.860564929852908e-07,2.633107689386902e-07,3.184932379482312e-06,8.461307790736055e-05
111,4F55.02.19,1.301272766715396e-06,4.890142276703629e-05,9.393590035026272e-13,0.000135993591457291,9.316218404153674e-05
112,4F55.02.2,8.337732743972145e-05,1.235472079624116e-06,5.101365425349147e-06,0.05089545154288648,3.155781765685285e-05
113,4F55.02.20,6.410736500027779e-06,0.0004749440923698725,8.83528623197433e-08,0.05401532998556154,9.952300745222589e-05
114,4F55.02.21,8.560227636020986e-05,1.744622825461247e-05,2.374653208002046e-05,0.06699287636557608,0.0005248950658289026
115,4F55.02.22,0.0001043540348328645,9.704121144348294e-07,1.970360778468034e-07,0.01060725699480088,0.0004486506186252006
116,4F55.02.23,0.0003381353478554605,5.742688294896079e-05,4.842279073124755e-07,0.001036693905023927,0.0001018721514605263
117,4F55.02.24,4.459102370437484e-05,2.156276730434157e-05,1.887462987837125e-06,0.05977457613996408,8.04024238139279e-05
118,4F55.02.25,2.024156069362337e-05,7.190368400662755e-05,2.983231178964892e-06,0.05955811440337642,1.196430141373276e-05
119,4F55.02.26,2.438339725641565e-06,0.0003385150762339034,1.466123611616453e-05,0.07852729678033486,3.949175157205968e-06
120,4F55.02.27,1.655912798256344e-05,0.006587004088621731,5.108762864775779e-05,0.06380379458533843,0.0004006586870803981
121,4F55.02.28,1.527891270578738e-05,0.0003871578903733183,9.124282288986491e-07,0.05161071373285635,0.0001846830875816065
122,4F55.02.29,8.795528617326229e-05,9.126948788094609e-07,4.456676749093975e-08,0.0003250070811769436,3.50085421114829e-05
123,4F55.02.3,0.000437080932211616,1.624718000085295e-05,4.62979548341755e-05,0.0004951957909174738,1.395338917922444e-05
124,4F55.02.30,5.591802958311258e-05,0.0001568597114349945,7.42412960070966e-07,0.003176365637468919,1.668695440125963e-05
125,4F55.02.31,0.0007734446456093609,1.653098832406826e-06,8.305247119667395e-06,0.02938067340992176,2.680016037033581e-05
126,4F55.02.32,0.0002835866641431962,0.0002682707496866951,1.88763899627986e-05,0.05461622811195487,9.077223639530645e-05
127,4F55.02.33,3.862329584636519e-05,2.861831412458293e-05,9.896427098828506e-07,0.05357379764344095,6.928955055096245e-05
128,4F55.02.34,0.000156478795771803,0.0004005325917424513,1.538408525821648e-06,0.0002544802389874513,2.513237406368196e-05
129,4F55.02.35,1.75944366647524e-05,5.520365150827166e-06,1.25679308287357e-05,0.0003937842172289719,0.0003658414839322066
130,4F55.02.36,5.903640543016258e-07,5.256384447237151e-07,3.033568868016114e-08,0.05103040683111378,5.410535512956937e-05
131,4F55.02.37,2.099780318765223e-05,4.584383330612584e-05,4.206398468857207e-05,0.05797066661030448,0.0002504077813025609
132,4F55.02.38,8.991120639914556e-06,1.21859870224657e-05,1.879370952586413e-07,0.05509832055431653,5.769777268037481e-07
133,4F55.02.39,0.0004594924463903058,0.0001277319273681695,6.241515090578276e-08,0.064937218255654,0.0003966099595791999
134,4F55.02.4,6.621929793049597e-05,1.213799011096988e-08,3.485954984491742e-07,0.0001687956551149163,1.751464947349265e-05
135,4F55.02.40,1.997862934823006e-06,5.994372745455154e-07,5.074165991611676e-07,0.05224997308575927,6.072934795261658e-05
136,4F55.02.41,0.0005525161498851384,5.61720485449802e-05,3.920249448015476e-08,0.0523873610238818,0.0004304850118380261
137,4F55.02.42,1.043532599571883e-05,0.0002761976807146566,1.178335376519573e-05,0.05117054590928061,2.792402268627719e-05
138,4F55.02.43,7.917098106798345e-07,0.0001670100949627027,1.088503918874796e-05,0.05936473719059702,0.0007427545623790193
139,4F55.02.44,0.0001381252258869443,0.0003187916846171076,4.715010336642737e-05,0.06510962790900737,0.0004321829211421679
140,4F55.02.45,0.0001737231794592826,1.648376473248586e-05,1.728232419099166e-10,0.05420400132628745,1.298139748064161e-07
141,4F55.02.46,3.924445971726903e-05,8.20363782386761e-05,7.826120645969653e-08,0.000111961523728397,6.209210540194036e-05
142,4F55.02.47,9.790505039855801e-08,3.413427249430574e-05,1.419596032240842e-05,0.05324999542383761,6.957055596223271e-05
143,4F55.02.48,8.48964861404556e-06,1.583357673662857e-05,5.68643614935654e-07,0.05321924770408355,6.650437957544975e-06
144,4F55.02.49,1.597535436153456e-05,0.0006253504503794783,7.372918140989202e-09,0.05421629645944638,1.695438829760247e-05
145,4F55.02.5,8.139035402379595e-05,1.208553829549577e-06,4.882463863153455e-06,0.06691423638976406,5.459171665050437e-05
146,4F55.02.50,7.499586406544351e-05,6.764606512242256e-06,4.021102214865984e-05,0.05732660087335091,0.0002285314461096559
147,4F55.02.51,9.723313685962781e-06,0.0003449696045106772,1.469313015209282e-05,0.002238823397349259,2.228445750411915e-06
148,4F55.02.52,1.547659913349576e-05,2.218248687208726e-06,5.471243690249285e-06,0.05098899951311466,0.0001380024688650997
149,4F55.02.53,0.001358423865319643,4.085960284917493e-11,1.4420289010597e-07,0.05443400304056425,8.810724096439597e-05
150,4F55.02.54,1.174475163819324e-05,0.000378241448482649,8.136872730088063e-07,0.06251429498965339,1.747896392960445e-06
151,4F55.02.55,0.00079712600841034,0.0001352613973792965,4.978588023607274e-07,0.0698092087771228,0.0001079026003218066
152,4F55.02.56,3.876561309154534e-07,0.0001360353843061034,4.441855121485274e-05,0.0009324521862585563,1.149644594366363e-08
153,4F55.02.57,6.294761597584532e-08,5.282672546976494e-05,3.010627204170688e-08,0.05682825450234207,0.0001572093768694747
154,4F55.02.58,2.92728027907238e-06,3.134144357436396e-06,5.794485277137455e-06,0.0604698024499367,0.0001762054228130507
155,4F55.02.59,1.914648010871029e-05,6.462604327403803e-05,3.888107815461884e-07,0.06731052180427287,4.270580395157445e-05
156,4F55.02.6,3.249783248563962e-06,5.355365069472909e-05,8.505869360630738e-06,0.0005643717866817953,0.0002288700291709178
157,4F55.02.60,1.242854399301637e-05,2.481311493702214e-05,2.382696614480983e-06,0.05411248549912279,0.0002412590488038617
158,4F55.02.61,2.214192679119613e-05,5.051064512926e-05,3.579164183371878e-08,0.05802358868911724,0.001868944149199543
159,4F55.02.62,7.246331030060485e-05,0.000638848714937954,1.032419620202282e-07,0.06163520111605553,6.446289472250002e-05
160,4F55.02.63,1.742375479746412e-05,1.750942461313435e-06,7.887897295762219e-06,0.05432258413615324,1.073302686001727e-05
161,4F55.02.64,3.552309613968082e-07,0.000278752561716731,1.21613507113955e-05,0.05703590728490311,0.0002201722936871033
162,4F55.02.65,2.292892800089534e-06,0.001066854215395215,1.034015982164624e-06,0.007114341346564656,4.634757842267989e-05
163,4F55.02.66,0.000115626011432951,2.015663649911995e-06,4.382835340229677e-06,0.05736144797646257,6.874055681433212e-05
164,4F55.02.67,5.737861018775739e-05,3.254743055373402e-07,2.003885382724907e-08,0.05761140384518443,4.061329380547656e-05
165,4F55.02.68,2.808207155160634e-07,3.089717694530608e-06,5.731457763172801e-07,0.05023096069761523,8.125760304582297e-05
166,4F55.02.69,8.935004516572762e-05,3.558932887836819e-06,1.020460012484339e-08,0.05641578427364211,1.752771227772104e-05
167,4F55.02.7,2.412447809277827e-07,1.127525714773471e-05,5.421959486685181e-08,0.05117787662666982,6.45990836675117e-06
168,4F55.02.70,2.553533722569548e-06,3.349815856936599e-05,1.162652031450931e-05,0.0005101995333749792,3.403620080815243e-06
169,4F55.02.71,1.859602461171596e-06,9.590121611194598e-05,2.670572240988762e-07,0.05378846202692216,0.0002307388108797259
170,4F55.02.72,1.246146542838289e-05,1.779872479144449e-05,4.858416511466499e-06,0.06039639075092099,5.124532364668781e-06
171,4F55.02.73,7.116954280728479e-08,4.622027799775895e-09,6.00326870687661e-07,0.05626339471180623,8.56691484453603e-08
172,4F55.02.74,1.542797189392778e-06,2.814500051209283e-05,1.749770998465558e-05,0.06440112693236447,0.0002975739358468704
173,4F55.02.75,2.063896724000382e-05,6.494852577523883e-05,2.459293126508085e-08,0.02553843849796857,8.102410706363849e-05
174,4F55.02.76,0.0003836200772496335,0.0006992951859929317,5.477207625830726e-07,0.06374001591608958,0.000364011240207421
175,4F55.02.77,0.0002320187365357864,7.007558405032028e-05,1.397706378386065e-06,0.05369687349137012,6.276565676959493e-05
176,4F55.02.78,1.75504104739224e-05,0.001124526105713135,6.507298751413703e-08,0.05186824484461101,0.0002969936927940954
177,4F55.02.79,2.250732824356598e-05,1.234426657289227e-06,2.650475091748333e-06,0.05337746859835377,1.100446714429984e-06
178,4F55.02.8,8.225454084609085e-06,9.802185873700758e-05,2.946026957012234e-05,0.05353429778312859,1.175638523732497e-06
179,4F55.02.80,4.738836010929247e-06,3.918938731806699e-06,3.469704649685809e-06,0.05823773026787836,2.054725695476372e-07
180,4F55.02.81,9.624840237888864e-06,1.004272727675856e-05,1.313508464787507e-07,0.05032920894876333,3.17601679026126e-05
181,4F55.02.82,3.23141019794364e-05,5.937259995893572e-05,1.414701604792829e-05,0.004086307213722401,0.0004146988796285353
182,4F55.02.83,1.313322874205518e-05,1.055416452684901e-05,4.705348811470766e-07,0.0585375783266764,2.258880395318558e-05
183,4F55.02.84,0.0002076081061439974,0.0002165509379598316,1.25518723885833e-06,0.06806168027318883,0.0005208103237537321
184,4F55.02.85,5.345396614172834e-05,6.59171281939288e-06,2.005179694747242e-06,0.05767560309209259,0.0001911335039577919
185,4F55.02.86,6.634288728941978e-06,0.0002837221485222164,2.486287927878741e-08,0.05008700980161801,3.526196175105531e-05
186,4F55.02.87,1.890610816190932e-07,0.0001865315906832099,3.980177248430639e-14,0.05056153906242306,2.955966808522056e-05
187,4F55.02.88,0.0001354581180063638,2.402335475844134e-05,1.470557912929837e-05,0.06196590051842295,0.0003228379602447857
188,4F55.02.89,2.228794877608106e-05,2.833767711727612e-05,5.858134141893609e-06,0.003959648080327298,0.0002495765844775813
189,4F55.02.9,6.204581921426876e-06,8.232040327405517e-06,5.056872915342259e-06,0.05588030677887832,9.087513552650305e-05
190,4F55.02.90,2.460181003722866e-06,2.408353221473021e-05,1.124979274501961e-06,0.002631044341298514,6.222591168586034e-12
191,4F55.02.91,2.756023542956106e-05,3.563696953045372e-05,3.600380063288327e-05,0.05720904351375954,0.0002230558960491555
192,4F55.02.92,0.0001704345111091389,4.537084863636793e-05,1.151554162843191e-06,0.05256570925787758,0.0001449371140228809
193,4F55.02.93,5.523616197508975e-06,1.958588495779109e-05,1.437714503275378e-05,0.05141893977561798,0.000200082318009419
194,4F55.02.94,8.273422403082496e-06,1.805171671569272e-06,2.205345726799805e-07,0.06368114316990195,1.530757976587083e-11
195,4F55.02.95,3.940531115186365e-05,1.385139415435196e-05,1.652862551881161e-06,0.05784006571743996,0.0002271785043394161
196,4F55.02.96,4.753375836473024e-06,6.02421676699255e-08,7.716216564156881e-07,0.06317945957212909,2.606380154232652e-07
197,4F55.02.97,1.156898401847448e-07,0.0006314603789827584,2.47585525968192e-09,0.05239995139877783,8.902774176887881e-07
198,4F55.02.98,4.584302643908462e-05,9.794513166796037e-05,2.573846305623494e-07,0.0003261034416066185,0.0001688204538028323
199,4F55.02.99,8.593044296468749e-05,0.000757321790588697,1.082114131972369e-06,0.003259596306753614,0.0008032524224266595
200,5E8F.01.1,3.32350602848828e-06,7.760820504886666e-05,7.007247565993599e-06,7.212942074670128e-09,0.05747695376665304
201,5E8F.01.10,1.82691186437876e-05,5.01857206014975e-10,4.04667215507448e-07,1.450260702871786e-10,0.004113437231211738
202,5E8F.01.100,8.635152630573542e-05,0.0002845369503043657,1.795716238186152e-07,1.100996002623121e-08,0.06193491842006876
203,5E8F.01.11,1.123376149776025e-05,9.432386482647496e-05,4.673090171777736e-06,2.561556394257179e-06,0.002475709912835016
204,5E8F.01.12,1.207147436559396e-05,0.0006344017288952609,1.320503378118518e-05,1.91549239138919e-08,0.05110395490888149
205,5E8F.01.13,3.453244096090675e-05,0.0001364325543903128,1.278928347808193e-06,4.005943531649092e-10,0.02265992966329165
206,5E8F.01.14,7.801353504737425e-06,1.888711293449079e-07,1.360096147891488e-07,1.629460980692504e-05,0.005568559851547094
207,5E8F.01.15,0.0003661129285501745,0.0005947282728525972,4.16098813659414e-07,2.068592220977414e-07,0.05033254050327633
208,5E8F.01.16,6.547668053165138e-06,0.0007019540092123086,1.1520384100163e-06,3.252479073169413e-08,0.01076684346940373
209,5E8F.01.17,4.770339104532576e-05,0.0001760504782590661,3.33909758937133e-07,6.664049924179269e-11,0.05137537935678778
210,5E8F.01.18,1.011551148644145e-05,1.93830286710712e-07,1.070138168962436e-07,1.032539886967064e-07,0.05999165577502642
211,5E8F.01.19,3.43849869088721e-08,6.796037292557582e-05,6.066342234873218e-06,2.417359126367655e-07,0.05130440666623817
212,5E8F.01.2,5.297682669929674e-05,0.000134187482239096,7.762368543770032e-08,5.709262606328974e-10,0.001237545773267022
213,5E8F.01.20,3.049157822359373e-06,0.001883214525980301,1.410587192855129e-07,1.837472365256796e-05,0.05274738477116203
214,5E8F.01.21,1.053057115127903e-05,2.244510135712216e-05,5.266028817239981e-08,2.729374122174961e-08,0.0003598487300059395
215,5E8F.01.22,2.860635548090394e-05,0.0007932547289803983,4.373609396931583e-07,4.936560504647354e-10,0.002134741765923833
216,5E8F.01.23,1.530281858216488e-06,4.955951104866585e-05,2.481631917014039e-08,2.310786982342534e-09,0.05049461154674604
217,5E8F.01.24,4.180035662525537e-05,4.575626946141842e-05,5.739906602007086e-07,4.460606982987361e-07,0.05676566555433878
218,5E8F.01.25,0.0001603263859161335,0.0001315860950175178,1.39994039697837e-05,2.944326869089037e-09,0.05023680717034908
219,5E8F.01.26,7.703298839208744e-06,9.612183751191935e-08,3.471516767494745e-06,7.389253383326042e-08,0.05231192633749127
220,5E8F.01.27,3.018779222367155e-05,3.812592161894069e-08,1.023314470888486e-05,1.612439479806403e-08,0.001083007377487977
221,5E8F.01.28,3.446352050094441e-06,0.0001046182740872089,2.978858819800119e-06,1.109355394650567e-05,0.05296252015254153
222,5E8F.01.29,0.0001926303646501296,8.268269890828913e-05,3.06462385465316e-08,0.0001417649808069727,0.05644626907936842
223,5E8F.01.3,4.338897706663188e-05,0.0002958411658450728,2.66931404308948e-06,1.672106133095832e-08,0.05334856767091378
224,5E8F.01.30,6.577152940179533e-05,5.896127888731313e-05,3.407566265959218e-08,4.938862017490367e-07,0.05329978600419008
225,5E8F.01.31,4.807109168154133e-05,1.65330182791047e-07,1.123701977599793e-06,4.155154315042758e-07,0.05020144737980991
226,5E8F.01.32,4.351600230481542e-05,0.0003782679047213648,1.476699386894087e-06,4.0549738281591e-06,0.00179362578307545
227,5E8F.01.33,7.012317620880723e-06,0.0004890998213267742,1.649808988119812e-06,2.969591274466602e-08,0.05920364293165539
228,5E8F.01.34,2.487521657535862e-07,0.000557858552526648,8.854629419877762e-06,3.283621139585397e-05,0.05284464492325325
229,5E8F.01.35,1.990350408945694e-05,0.0002779651139987042,3.953843131739257e-09,1.095189270007413e-11,0.05849614464967443
230,5E8F.01.36,0.00014872261937774,2.775324881219888e-06,1.599370139099303e-06,5.004990205146349e-09,0.05030382212119357
231,5E8F.01.37,1.504186233036093e-06,0.0001271231891198992,1.806973175855502e-07,1.509321594061527e-10,0.0599352128061905
232,5E8F.01.38,2.607203825408176e-05,3.430489440602668e-10,6.034759055713848e-08,9.806322707057958e-11,0.05084013153027372
233,5E8F.01.39,3.009336446831131e-05,0.0003979133231508443,2.739767498422029e-06,7.360077999894468e-08,0.05128259251598536
234,5E8F.01.4,9.15563840779393e-06,0.0001645477247381244,7.390862044777984e-06,1.500146642177268e-07,0.05523179107475865
235,5E8F.01.40,3.187884155367609e-06,3.706306817515161e-07,2.99789238020163e-09,6.389514208363778e-07,0.05490488820527609
236,5E8F.01.41,1.084140283394869e-05,4.264707605046436e-05,8.184744181829232e-08,8.061480294854759e-11,0.05623586328545125
237,5E8F.01.42,2.415042914957244e-07,9.576916987428519e-08,1.339503917833532e-05,5.102903076286783e-06,0.05075830580242409
238,5E8F.01.43,4.172416020228327e-05,3.410867423584809e-06,1.891263891446975e-06,1.02729293835484e-08,0.05023590235318723
239,5E8F.01.44,4.234989596450446e-05,5.487379192544118e-05,1.49603040518153e-06,3.253025120836062e-05,0.06148767733648121
240,5E8F.01.45,2.592047668460761e-05,3.919830441551455e-05,4.614890475227346e-08,5.49155302917078e-07,0.06184128228475609
241,5E8F.01.46,8.652594750116371e-05,4.438121212326605e-09,4.481631307049158e-08,3.823847796054509e-07,0.0004420149565594795
242,5E8F.01.47,1.016881270037203e-05,0.0002594853027184576,2.916145225175475e-06,4.445338981381088e-08,0.0007701593472595483
243,5E8F.01.48,1.030325470178179e-05,0.001496106863385233,4.400406968225694e-06,1.071715684520098e-09,0.06303822460400876
244,5E8F.01.49,3.882668235286773e-06,0.0002810073126172284,4.755841008336001e-06,4.822995614883042e-08,0.05031890790414044
245,5E8F.01.5,0.0001195730942107965,2.412127760011618e-06,1.341357126041264e-05,5.358743143941644e-06,0.05643092286406155
246,5E8F.01.50,1.481549671871377e-06,0.0001388339067767412,2.095250345124709e-06,7.500601448670659e-07,0.05232812414943107
247,5E8F.01.51,3.571607860204913e-05,0.0002573588346875931,1.074604431461172e-06,2.078200127656564e-07,0.05251974955158314
248,5E8F.01.52,0.0001510599320315566,8.53554110463533e-07,7.948553253855809e-07,2.454270772053738e-07,0.05848719199614257
249,5E8F.01.53,1.648544103848978e-05,0.0006464760036565762,4.852071675691178e-07,4.670731371356106e-06,0.05088601058192859
250,5E8F.01.54,0.0001378583665342926,1.213076357883157e-07,3.987077595193435e-07,5.753028237845435e-07,0.05068786820202326
251,5E8F.01.55,3.420986265135643e-05,2.955460704773159e-06,3.421822197236905e-06,5.79886342329367e-09,0.05144686052316978
252,5E8F.01.56,2.497118987015662e-06,0.00010738706313488,3.04944874750249e-07,1.183569117846798e-05,0.05634195906750865
253,5E8F.01.57,5.455386686787667e-05,0.0003338196085769272,9.931403281097205e-06,8.064203335263701e-07,0.05296070484184341
254,5E8F.01.58,3.110317986632316e-05,0.0002310772053145878,2.870613927699418e-07,3.277080676483588e-14,0.000898183608319023
255,5E8F.01.59,3.318757605864177e-05,7.588568109444422e-12,5.754202355205611e-07,1.928413834823085e-12,0.05182065654549331
256,5E8F.01.6,2.179771943109875e-05,0.0004752695812004985,1.329726945012141e-06,1.358251354762301e-06,0.05083013516088191
257,5E8F.01.60,2.546264513909094e-08,0.0001567815763167166,2.677440840154801e-05,5.33893261766408e-06,0.05021256632706972
258,5E8F.01.61,4.04780752543137e-05,5.312333425215589e-05,4.892891510271648e-06,3.118658579007522e-05,0.05076385717451668
259,5E8F.01.62,6.280830680586427e-07,6.348442409070722e-05,1.92340224056065e-06,5.150027904806975e-09,0.06109364974020528
260,5E8F.01.63,1.219665482100056e-05,0.0006271056421575262,2.672128529740607e-08,6.51894885513286e-08,0.0507267568451933
261,5E8F.01.64,7.391891344432567e-06,0.0001396680806656224,2.754312980299499e-07,0.0001107223055854048,0.05163460371262765
262,5E8F.01.65,0.0001453576164398614,0.0005026506881823179,5.306842140396143e-06,2.413716630484712e-06,0.05085094535402341
263,5E8F.01.66,4.290668379068764e-06,1.018551627952432e-05,2.950844266964986e-06,0.0003970551787752067,0.0009023563014225828
264,5E8F.01.67,7.252003644691466e-05,4.068997619843714e-07,1.486149309074111e-07,1.450285048581876e-07,0.05329324660145865
265,5E8F.01.68,5.795423366578809e-07,0.0004143652431755124,4.569950111474606e-09,2.934982442109027e-10,0.05398092283875384
266,5E8F.01.69,0.0001360412232755577,5.014513901950898e-08,2.874995610620209e-07,1.23039805447678e-08,0.06200703880634603
267,5E8F.01.7,1.598363703599512e-05,2.96020564994347e-07,9.282364118179757e-06,0.0006419329318836384,0.05232886651741625
268,5E8F.01.70,2.530085593410745e-06,2.595692931429745e-07,5.172428743307572e-07,7.526557242315853e-07,0.05318849725705707
269,5E8F.01.71,1.826006530304812e-05,0.001952325077250726,1.878876978062205e-06,4.23312852998376e-08,0.0553293010028218
270,5E8F.01.72,3.070501408134103e-05,0.0006314254173467851,1.238113304929461e-06,4.383666179887159e-07,0.05305323572647821
271,5E8F.01.73,1.894221304862255e-05,1.463735264086039e-05,3.067544431800067e-08,8.087271454969054e-06,0.0006289447317293502
272,5E8F.01.74,2.010528188605737e-05,4.858183819423332e-07,8.223700764439638e-08,1.536071100957809e-07,0.0513294334334063
273,5E8F.01.75,0.0001754393971182908,0.0004352950421103829,3.555816074303772e-06,1.768436217024296e-07,0.05510051142645073
274,5E8F.01.76,4.177402444992675e-06,0.0001865959180586041,7.050630543764948e-06,7.340924590717305e-06,0.05108472918605046
275,5E8F.01.77,1.763044629356129e-06,0.0001101344328742097,5.856976400982535e-08,2.308703471363627e-10,0.05303384632303366
276,5E8F.01.78,4.925076514202167e-06,4.916275764622988e-05,2.40187967221324e-06,1.721206341139077e-08,0.05063740277819267
277,5E8F.01.79,8.180085171170534e-06,0.0002430343095844847,7.554128256060388e-06,3.048994531338088e-07,0.003234866300220074
278,5E8F.01.8,6.377904668373006e-05,0.0005376690687784388,3.728613741853914e-08,0.0001442754139657973,0.001822973147909425
279,5E8F.01.80,1.904153867244837e-05,4.014609975562045e-05,3.694096366030202e-05,1.51302607061203e-05,0.05029674720992597
280,5E8F.01.81,7.552339090802237e-05,1.017346586568294e-05,1.382919584874801e-05,3.923840925097054e-09,0.05348441905376924
281,5E8F.01.82,5.370398474987367e-05,0.0004284200345169553,7.359139938568945e-07,7.889103814324082e-07,0.0584491386788439
282,5E8F.01.83,1.032014211425044e-07,0.0002355055969709025,8.1842970707366e-08,6.601120315151346e-07,0.06715845335832202
283,5E8F.01.84,2.818516670661929e-05,0.0002237079623793108,3.053263106801731e-07,8.84423456695143e-09,0.05055258044777703
284,5E8F.01.85,4.494127603852354e-05,0.001376763172035565,7.274868120599395e-11,2.543483261199673e-18,0.0001993262090121515
285,5E8F.01.86,2.31781466751259e-06,6.194494718376406e-16,3.868223073281722e-06,8.027079159747711e-17,0.05048536397613017
286,5E8F.01.87,2.363191866232982e-05,5.288039640010862e-08,6.144969486645028e-07,1.563198136910945e-08,0.05384551431969372
287,5E8F.01.88,5.550425548811976e-05,0.002449342172675387,7.162932600919212e-08,1.798784921187249e-07,0.05391549745910402
288,5E8F.01.89,6.205625670030148e-05,0.000130885272876806,7.021419671368225e-07,3.825880177165128e-09,0.005151106707836036
289,5E8F.01.9,6.103637808155919e-06,5.421092902193762e-05,2.030750578449455e-06,2.056254504315554e-07,0.05184067343421418
290,5E8F.01.90,4.846878827805058e-06,2.873856532856101e-05,1.062931798093216e-06,0.0002456375651210356,0.008245047130138688
291,5E8F.01.91,0.0001252489017423845,0.000188231150910538,8.042465874431114e-07,3.631249085739451e-05,0.01138441440789077
292,5E8F.01.92,3.304770178620181e-05,0.0004025006275812971,1.531230016522221e-06,8.822051075345214e-05,0.05020565004796517
293,5E8F.01.93,3.186760765363652e-05,4.539574509908359e-05,6.963721088617267e-07,2.034896372803123e-08,0.001521865624908959
294,5E8F.01.94,1.044730425746621e-05,9.024523706809743e-05,3.094023353340375e-05,8.983313206599211e-05,0.05088402099950103
295,5E8F.01.95,9.790312352920725e-05,1.673828342418956e-05,6.696314116930134e-08,5.482244205149771e-06,0.0004230180541401252
296,5E8F.01.96,5.231363683620233e-05,0.0005930289791951185,3.571937270294872e-07,1.851479724444703e-05,0.05051219673940446
297,5E8F.01.97,5.818719623237573e-07,6.339887960607509e-05,8.523439550644214e-06,1.622571425533375e-05,0.06123054910708519
298,5E8F.01.98,3.563589561670194e-06,9.44710540444823e-06,5.370015632307647e-07,2.993206591128673e-05,9.885898604161936e-08
299,5E8F.01.99,0.0001056792251430346,9.909701095306294e-05,2.077985083490377e-09,0.0001428375822570766,0.0001957806479498381
300,5F62.01.1,1.077340290920919e-07,2.25027864074688e-06,0.01325575527765779,2.971518207659945e-07,1.131769403673788e-05
301,5F62.01.10,0.0002199903292075192,2.816539893556019e-05,0.0595510199221771,9.85613092654117e-07,4.446037145914908e-05
302,5F62.01.100,1.953094344029603e-05,3.369396222142757e-06,0.05061092166848178,2.124003885943646e-06,7.698127764411446e-05
303,5F62.01.11,9.599463332127008e-06,4.713070422054548e-06,0.05540239166034079,4.533560071176564e-07,2.887614404707046e-07
304,5F62.01.12,9.113973694589785e-07,2.932089337786758e-07,0.05768714694586309,9.580910097955119e-06,0.0002541425247002857
305,5F62.01.13,1.197339588737297e-05,2.014342930292197e-05,0.05107357506966351,2.349717014777862e-06,0.0001257460837979229
306,5F62.01.14,5.092381257275965e-08,3.736576635536615e-07,0.01089069310006511,1.320568203491289e-11,1.082295153804301e-18
307,5F62.01.15,2.184690447912803e-06,4.441238488133021e-05,0.05748537318119708,1.024251440016924e-06,9.724938832318462e-05
308,5F62.01.16,1.652422443510567e-09,4.234926266985785e-10,0.01156913555800998,9.560682325760346e-10,1.113894778480882e-05
309,5F62.01.17,2.535152881357124e-05,9.749549063404752e-05,0.05836715531816083,2.688740993720431e-06,0.0001368376675580243
310,5F62.01.18,0.0008706114030925347,1.402173649250824e-05,0.05136829076569554,2.404427709588279e-05,8.779713912681544e-05
311,5F62.01.19,0.0006080322080979557,6.113943150623429e-11,0.06144563305704289,4.927435847945355e-06,0.0001688970063251037
312,5F62.01.2,9.253177611301865e-05,2.578808326642122e-05,0.05181678881636516,1.805054224530588e-05,3.363295255270614e-06
313,5F62.01.20,4.972057617343277e-05,0.0002513837268913117,0.06719162837030684,1.710138049885644e-05,0.0006614629440655517
314,5F62.01.21,2.973875877389238e-05,3.802821006045372e-07,0.05118047110654147,8.630566204797915e-08,9.281192265539618e-05
315,5F62.01.22,3.742336704937604e-06,1.065948664851128e-05,0.05166117566862811,1.410007276065712e-05,0.0001978571560389996
316,5F62.01.23,5.066484073274408e-06,8.185629615559266e-06,0.05124617119495659,2.643669440277068e-06,7.800888658688647e-05
317,5F62.01.24,1.010665732507692e-07,1.214203971206053e-06,0.05107446531666509,2.380514936030479e-07,9.956278276729836e-07
318,5F62.01.25,0.0002743967384157332,0.000204916138951076,0.05174975177597645,1.06974457039076e-08,0.0001035358765747251
319,5F62.01.26,8.955268245302876e-06,8.068502067181821e-07,0.05264676970474284,9.459241485608652e-07,2.379840494640662e-05
320,5F62.01.27,0.0001527758665006581,0.0002213766667708294,0.05119400270541485,2.760292210017258e-06,1.440004601978218e-06
321,5F62.01.28,2.612645069870532e-06,9.58697522960533e-06,0.06347070587731103,4.823977913289537e-06,0.0003901133367349248
322,5F62.01.29,7.17253107022821e-05,1.122797620528096e-06,0.05411597912443127,2.161232282928518e-06,0.0001800796887096205
323,5F62.01.3,1.709155061343446e-05,2.903238865270198e-05,0.01556264060153054,1.178079227245939e-05,5.500737512745401e-05
324,5F62.01.30,6.594073637402057e-06,4.929018456963776e-05,0.06172192542587036,1.430958217179195e-06,5.412058134921195e-05
325,5F62.01.31,4.959290957121961e-05,8.834804131259683e-06,0.05766310147069093,2.819091116893861e-06,1.37512753798901e-05
326,5F62.01.32,7.212442153455649e-05,4.699372314262776e-07,0.02515513145339298,5.919956653285776e-07,0.0002630595402342595
327,5F62.01.33,5.802693358417847e-06,2.092671770377189e-06,0.05417113248287146,7.75483859825871e-07,0.0001427730936527588
328,5F62.01.34,0.0001973317279572034,3.318995933342016e-06,0.06448438480778577,6.24014845070709e-06,5.957653317237561e-05
329,5F62.01.35,1.375804312735121e-06,2.849912572694001e-06,0.05826313302980265,3.298700631445544e-05,0.0001956621370492798
330,5F62.01.36,0.0001574582728655286,1.129666534269441e-05,0.06662061780816177,3.872539812072558e-06,0.0001549037333978914
331,5F62.01.37,3.335333918268304e-06,2.202817585621602e-06,0.05617100547060316,8.592029975446395e-07,1.005530460256488e-05
332,5F62.01.38,0.000247891557806783,2.713704759283058e-06,0.05148428075268766,1.172276674392199e-05,3.059078886662385e-06
333,5F62.01.39,3.21064544121994e-05,5.178659789079741e-06,0.05168128267520285,4.499721618924679e-06,6.870297582795617e-05
334,5F62.01.4,1.11795905807291e-05,5.427739215658815e-06,0.05236289876559552,1.384082374607304e-06,5.068419714294773e-05
335,5F62.01.40,0.0006480732246429491,6.048893536471773e-07,0.05163511324324987,3.228181367567497e-07,0.0001248395496076839
336,5F62.01.41,0.000632604421956395,3.876543030471498e-05,0.008946048425368608,9.740299712749589e-07,5.524816773544749e-05
337,5F62.01.42,1.007581427601001e-07,3.148274599307806e-07,0.05300018689621708,3.296012311544812e-12,5.20050841648252e-05
338,5F62.01.43,0.0001200216244437932,2.320478921210616e-05,0.06319056295788061,6.295436841494504e-08,2.970880007636694e-05
339,5F62.01.44,1.166556885289375e-05,2.821435971646124e-06,0.06273374088936164,7.267983149892172e-07,0.0001117037174698947
340,5F62.01.45,0.0002047305967963436,1.500828012528863e-05,0.00180251108094578,2.285936206508184e-06,3.925700220391407e-05
341,5F62.01.46,9.898148513087823e-06,4.120923605606025e-06,0.05289327238479175,2.625257599760905e-07,0.0001271025547653525
342,5F62.01.47,9.149470778089578e-07,3.60253089597024e-10,0.00860098848210308,1.103607111102673e-10,7.490170405796236e-06
343,5F62.01.48,3.634752550315634e-05,1.60833973413242e-05,0.05722338449811865,1.217960576445101e-07,0.0003913015029776195
344,5F62.01.49,2.397134402332976e-05,4.67698259773869e-06,0.05120462403403624,9.147817226262355e-06,8.369588806262407e-05
345,5F62.01.5,4.087696697658261e-05,9.561171763213627e-07,0.05975725997098967,1.896594506841638e-05,4.191784007334362e-06
346,5F62.01.50,0.000115181730198017,1.238236555026399e-05,0.05361277703779805,1.3515577538809e-06,0.0002327585026567262
347,5F62.01.51,0.0002388156198025591,1.261574363565817e-05,0.05085286182994106,1.840572806273329e-05,1.152644984212242e-06
348,5F62.01.52,7.287437803660328e-07,1.16116921003296e-05,0.05188751314745781,7.13376196017076e-07,3.996823620291149e-08
349,5F62.01.53,0.0003546874916571665,0.00012105814608858,0.05180829312494374,5.181337622408402e-05,3.079388160348566e-06
350,5F62.01.54,2.286013831957184e-05,0.0002836623859541375,0.05149929912183614,2.971993580151901e-06,0.000257292778079553
351,5F62.01.55,6.665058400115353e-07,8.221171217908385e-07,0.05098994202042811,4.402342593360889e-07,0.000504130334315908
352,5F62.01.56,0.0001071973547605825,1.462012313706595e-06,0.0551591972750007,6.413148880430084e-07,0.0002018181331227532
353,5F62.01.57,9.948372294837796e-06,1.663211031036012e-05,0.05969698416358926,3.655174289918515e-06,4.774526645221558e-05
354,5F62.01.58,4.053779966668213e-06,7.57815014495704e-05,0.05604837929668249,2.683658966547336e-05,0.0001355591874132088
355,5F62.01.59,1.411955289988631e-05,8.360682959365443e-08,0.0002153791919820565,3.824332779887539e-11,2.644289771170206e-10
356,5F62.01.6,0.0001415863696980808,9.328091602728083e-10,0.05704044823148002,3.717898207626219e-06,2.192583364451714e-07
357,5F62.01.60,3.346565523217443e-05,1.242029239296217e-05,0.05224046177816085,8.4927093326631e-06,0.0001691992574206826
358,5F62.01.61,1.847398872251634e-05,2.011209450532414e-05,0.05055825235745463,5.050641014601107e-06,4.436075213850177e-05
359,5F62.01.62,4.824685644391094e-06,2.839480795791665e-06,0.05647604913400532,5.978873091028588e-06,0.0001940658693792168
360,5F62.01.63,4.034126776662709e-07,5.361823884912464e-07,0.05303794694148471,3.061607000924433e-08,3.355771523156209e-07
361,5F62.01.64,4.538304356277745e-07,6.134832125968385e-05,0.05336925648214484,4.200837300978266e-05,9.671507578714701e-05
362,5F62.01.65,0.0001766450967848246,3.17267838549572e-07,0.05142870870043798,7.035036945897126e-07,9.835026224935205e-05
363,5F62.01.66,1.243044764740743e-05,1.176402761730052e-07,0.05521600732131848,8.726030172773621e-09,1.374668754965169e-05
364,5F62.01.67,0.0003184382378587149,0.0002177848966330115,0.002187565215363089,5.16255102880941e-05,0.0001605165168012238
365,5F62.01.68,0.0001628499975257388,0.00012733865092246,0.06891718348059943,0.0002016474964999329,0.0006235387796466647
366,5F62.01.69,4.244177012233583e-05,5.218748137394685e-07,0.05688601157744938,0.0002202706755483314,0.0001241316134367484
367,5F62.01.7,3.085015879713282e-06,3.834745899704668e-06,0.05141205622382924,1.866757079830448e-06,0.0002229096062755538
368,5F62.01.70,1.297424331389362e-06,2.027058572826719e-05,0.0533482984254634,3.734152126021845e-06,4.49176832362987e-05
369,5F62.01.71,0.001141937772416859,0.0001008479648795851,0.05864734582352225,9.499173734831272e-06,0.0006002478759070837
370,5F62.01.72,1.891747712428597e-05,6.696757744752662e-06,0.07005801672700028,3.141162284778259e-07,2.655736671436327e-05
371,5F62.01.73,0.0003898299885650272,3.505941393559397e-06,0.06483927657519215,1.483500601980926e-06,0.0001660555268120115
372,5F62.01.74,6.766440086109234e-08,1.66829502421848e-05,0.05185197657065722,4.521813489802083e-07,8.811878915234991e-05
373,5F62.01.75,0.0001171773734842682,9.107388087147567e-05,0.03462135229227204,2.623475320133205e-05,0.0002336843500480853
374,5F62.01.76,1.601297721820549e-06,2.884716093550774e-06,0.05830195546258122,2.663416139127422e-06,8.024827338855158e-05
375,5F62.01.77,4.067000817586174e-05,0.0002662022273925053,0.0003606761647043389,4.102643800341609e-07,5.138197623012064e-05
376,5F62.01.78,3.877276638788114e-05,4.312965150248474e-06,0.05120621507970263,3.880699497172753e-06,0.0002681759562440955
377,5F62.01.79,2.771013234357217e-05,2.852202498471073e-06,0.0562382811560271,8.433270377409991e-07,7.812803865838688e-05
378,5F62.01.8,1.048846285067731e-05,1.53472086890694e-05,0.05497666148381037,2.150504850965147e-09,1.152345224081522e-05
379,5F62.01.80,3.144177518678682e-05,1.116645719370626e-06,0.05048447384311025,1.505640427215902e-07,0.0001569068487258786
380,5F62.01.81,1.278428656778862e-06,6.98906640019672e-07,0.05290899886362409,1.074934990757104e-06,0.0001124509828525904
381,5F62.01.82,3.74053813208469e-14,1.958840283919638e-07,0.003830106819042999,4.772722168636401e-09,7.6502486044697e-06
382,5F62.01.83,7.482884284324586e-05,4.452194535444377e-06,0.05746376866714265,1.351144989296801e-05,0.0003367175134424772
383,5F62.01.84,5.403648247677669e-05,2.150834055605746e-06,0.05023223830997216,9.64985209042612e-07,2.179159339958697e-05
384,5F62.01.85,4.461478234188637e-05,1.515050658672414e-05,0.05601768141472507,7.456723733229445e-05,9.912103126829793e-05
385,5F62.01.86,1.170297268762418e-05,3.494003642695809e-05,0.05124397310946267,1.540803164370291e-05,8.463055045990321e-05
386,5F62.01.87,5.965985330414448e-05,7.766642442016755e-06,0.05660938257248019,1.65172702944506e-07,2.472350269878196e-05
387,5F62.01.88,0.0001218473143162697,0.0003148503199347751,0.0570780484385619,3.551032767803835e-05,2.654063891231573e-06
388,5F62.01.89,2.158833752877551e-06,4.620065457506551e-06,0.06306405344898597,2.611623647237994e-06,0.0004563044375763066
389,5F62.01.9,0.000126360409192104,1.050508072902158e-05,0.05202357036429234,7.356258819111154e-06,0.0001580346015287328
390,5F62.01.90,4.736654212220978e-06,7.563143273968441e-05,0.05797799054401595,1.137715236669193e-07,3.271143400601777e-05
391,5F62.01.91,1.105440982492782e-05,8.222754193951225e-05,0.05608050349536969,1.167690096438679e-05,0.0001234433927843617
392,5F62.01.92,0.0001352190889212192,4.791601811354715e-05,0.05140810402555705,6.116828317737946e-07,6.271475377934035e-05
393,5F62.01.93,8.144226151324232e-06,5.862573802714538e-06,0.05840497966714139,2.161494940221002e-07,0.0001395025496663665
394,5F62.01.94,6.817137348742088e-05,1.069144292194005e-06,0.05462600065135204,1.467778814398555e-06,4.573588103092651e-05
395,5F62.01.95,8.425535531063013e-08,4.625278531066274e-06,0.05086479844541824,6.117162413955867e-07,4.391965645657866e-06
396,5F62.01.96,8.900204949252122e-05,6.256626181689188e-05,0.05091382817432464,0.0004040623920127417,6.830609234137785e-05
397,5F62.01.97,7.439041800843214e-07,1.971108407225022e-05,0.05088398108329224,1.044479943316069e-07,2.526942152649332e-05
398,5F62.01.98,0.0002546295434163498,3.660520922836395e-07,0.05236690899262513,8.989613268513408e-08,0.0002260323285510369
399,5F62.01.99,4.435408203092055e-06,1.042440850008392e-05,0.06210245640131054,1.806029363537409e-05,6.712490055866741e-05
400,89D2.01.1,0.04430131766537297,5.951285900610106e-06,1.635970697667551e-06,2.43507581938222e-06,1.89902898405554e-07
401,89D2.01.10,0.05271207234461378,3.619666786160604e-07,8.514751954603597e-06,2.101287399874224e-08,0.0003896272101357047
402,89D2.01.100,0.05262199008263039,1.146990660855998e-05,1.5362742744419e-07,2.537672809565374e-05,2.35702133368168e-05
403,89D2.01.11,0.05005281373172606,7.776360241052717e-07,3.348211600095178e-07,2.618095884120424e-05,7.947285360957717e-05
404,89D2.01.12,0.05127206539577043,6.809665450053268e-06,2.257411350552648e-05,2.692289071549496e-05,9.185729278387038e-06
405,89D2.01.13,0.05303365674861404,4.264422967349929e-06,3.20634999282426e-08,1.956047737883007e-06,1.751302547073665e-08
406,89D2.01.14,0.05699347775802301,1.586618367075889e-05,2.46938169024618e-05,2.69880020924191e-05,7.564518389449463e-05
407,89D2.01.15,0.06277882453981792,4.060756129306153e-08,5.864257720672756e-10,2.074685665832979e-10,1.645740056276129e-05
408,89D2.01.16,0.05449381644154781,1.318453229818241e-07,2.215697964101977e-05,4.333578113233359e-06,5.217553706450338e-07
409,89D2.01.17,0.05530931444626837,4.993358057386543e-07,3.17879577455462e-07,2.259576476420597e-07,5.810316759258965e-05
410,89D2.01.18,0.06137920104891784,2.012287470955624e-07,2.275916627277135e-06,4.954498108602001e-07,4.4105543449812e-06
411,89D2.01.19,0.05000058242616626,3.202168360460091e-05,1.124946774346371e-06,1.995989845600141e-05,5.407085532130888e-05
412,89D2.01.2,0.06208562216945619,2.500416675358622e-08,2.557163879896227e-06,1.861966442111173e-08,1.278798983587628e-06
413,89D2.01.20,0.05647044661996657,9.958758216893748e-07,6.32867302024428e-06,3.460703693122225e-09,3.869739428879767e-05
414,89D2.01.21,0.05638645854192575,3.781649506359901e-06,6.664961070945002e-07,1.415899670375785e-07,0.0002165950523153584
415,89D2.01.22,0.06033360238257175,6.674230877211841e-05,3.346371274831361e-06,7.970771624317395e-07,4.693861651303632e-06
416,89D2.01.23,9.842458274885917e-08,9.011118413110247e-08,1.422480968082326e-09,6.486968590739879e-07,5.62479957317126e-08
417,89D2.01.24,0.05043564765074066,9.343576300050949e-09,5.592341067839128e-07,3.111351953772707e-10,1.525875985327464e-07
418,89D2.01.25,0.05165400384480042,4.490000482886451e-09,1.341444896252764e-07,4.060211914739377e-11,0.0003897088782885422
419,89D2.01.26,0.06080089196316262,3.770719791694944e-08,1.551429037731417e-06,3.853447856166932e-08,1.206026108449766e-07
420,89D2.01.27,0.05428666082428237,1.626017295284714e-06,1.421537610322888e-06,1.146831302775454e-07,4.127334033075967e-05
421,89D2.01.28,0.0001470878971882428,1.07368977169321e-09,3.691344405685451e-07,2.065275828018984e-08,5.063243172853752e-07
422,89D2.01.29,0.05010991961271224,1.371520786809479e-10,5.061673472363415e-08,2.887227127567301e-10,1.147123382551041e-08
423,89D2.01.3,0.05643565346096625,4.648460624902577e-06,3.496576887482959e-07,5.878546371353573e-07,4.409235123974375e-05
424,89D2.01.30,0.06455993586412029,3.346922493610819e-07,4.406584360212121e-07,3.629552235956154e-07,0.0009599158813481682
425,89D2.01.31,0.06776282915428483,2.511115911562206e-06,6.212636039218158e-07,8.021247801221517e-07,0.0003509038585095399
426,89D2.01.32,0.0164080223585319,1.782622841351125e-05,5.031803946964001e-05,3.250032141739407e-07,2.417853883015641e-07
427,89D2.01.33,0.01655306443345567,1.702148128858524e-08,4.347060306685767e-07,2.85722903782296e-07,4.846472314003812e-08
428,89D2.01.34,0.05550251769629421,1.356369407883199e-06,2.405468437965762e-05,6.673237577635266e-06,1.438960591182452e-05
429,89D2.01.35,0.05541574012887282,5.21257380587964e-07,2.52871213193438e-06,3.281329142198988e-08,0.0002126651393304449
430,89D2.01.36,0.05788428535358485,1.066400816526887e-05,9.227966275370558e-08,3.89411332008436e-06,5.4716997374985e-05
431,89D2.01.37,0.0514200290692588,7.538570965954112e-07,3.57505707088129e-06,1.717288253709382e-08,3.535536739713411e-08
432,89D2.01.38,0.0001186394235169497,2.668938010834052e-06,1.914803526042245e-07,3.202697023379595e-05,9.711728465016914e-05
433,89D2.01.39,0.05499124128276716,9.012634432894026e-08,2.086352043084116e-07,2.795358490944616e-07,5.778880941247422e-06
434,89D2.01.4,0.04848088112159318,4.60251142854481e-08,6.49906149711517e-06,4.139700192513997e-05,9.883085495299289e-12
435,89D2.01.40,0.05295603288477158,3.354344488813341e-07,6.18736720283909e-07,1.142014915099299e-06,0.0004108328077917563
436,89D2.01.41,0.05073019434769098,2.991699612828681e-07,7.427555291297903e-07,3.265947337694938e-05,5.333566176326496e-05
437,89D2.01.42,0.0628012094702699,6.329377776392216e-05,7.451472634912053e-06,7.524572467313931e-06,0.00035936215786434
438,89D2.01.43,0.0528948271163095,4.79672172881589e-08,4.298483197595672e-05,3.299175316820605e-08,3.898130670427689e-07
439,89D2.01.44,0.0006795998936029428,5.640119017635206e-05,2.125228514093301e-11,1.385111215429485e-10,1.170696342525626e-20
440,89D2.01.45,0.05545331426621403,0.0001292413301249957,1.217614374718284e-07,1.282237766405192e-05,0.0002991262360902055
441,89D2.01.46,0.03975027193772726,2.094294282544164e-06,1.786356085975073e-07,8.457709081034615e-06,2.207078962460746e-09
442,89D2.01.47,0.05455130567470734,1.0453056685777e-07,3.164522656611403e-11,4.872956938323553e-09,1.495815734157436e-08
443,89D2.01.48,0.05255945904862781,1.707934322219056e-05,3.248841559179527e-08,4.689046819673985e-06,1.280512811465488e-06
444,89D2.01.49,0.0511668494690834,1.221142592823052e-05,1.045010251425341e-06,3.174546037273333e-06,5.240723678515569e-07
445,89D2.01.5,0.05971629609060156,1.130711022668977e-07,1.144336119399501e-07,6.181063059771207e-09,6.503232993109158e-07
446,89D2.01.50,0.04988027469654411,6.769914398643593e-07,3.15522627223012e-06,1.882940723890893e-06,1.089817816069775e-07
447,89D2.01.51,0.05471909084469594,5.988542211000656e-13,4.389920803005752e-07,2.971051997009306e-05,1.574070835008794e-08
448,89D2.01.52,0.0004236408893820835,7.236164105148518e-07,2.138192176133131e-05,3.208668926401541e-06,0.001292982675300856
449,89D2.01.53,0.05847057548312606,1.446228382119327e-09,4.968727489825079e-07,1.052027182888881e-08,9.978844996162934e-05
450,89D2.01.54,0.06717275393022003,7.455201662700313e-07,4.883499505931959e-08,5.003300789427669e-11,0.0002068522345672869
451,89D2.01.55,0.06052413224645621,8.973554099193527e-08,9.048395398083234e-07,8.043459509163126e-10,0.0003700386166480392
452,89D2.01.56,0.07327349441064887,5.325671693937898e-07,0.0001150064742626389,5.204047359978028e-08,9.857535165052057e-06
453,89D2.01.57,0.05953261012036062,4.425369283019117e-06,2.517255709188911e-06,8.982299207787165e-07,2.668342300008398e-06
454,89D2.01.58,0.05445519480311647,2.524778259400445e-06,3.856592251117199e-07,6.39336170367667e-08,2.627549511382113e-06
455,89D2.01.59,0.05924139789539306,1.389231836861363e-05,4.150353137762171e-05,1.163476356043831e-05,0.001324345905229883
456,89D2.01.6,0.05035559109451878,5.681957044193082e-06,3.640579631081281e-06,2.390776313759664e-06,1.336484769247635e-05
457,89D2.01.60,0.05310309771440351,1.868045650434236e-05,2.243386509095076e-06,5.44431690006857e-07,4.075084481473657e-06
458,89D2.01.61,0.05106308148419735,1.483143463684509e-08,7.061975841213952e-05,6.658206497755557e-06,1.173505924612724e-05
459,89D2.01.62,0.05326525973052108,4.542343188912428e-05,2.722804724865008e-06,1.388074361822014e-05,8.227418136887781e-07
460,89D2.01.63,0.06018494067113738,4.151238733485165e-08,3.437116429233683e-08,1.347808055240421e-07,3.4936871464286e-05
461,89D2.01.64,6.182054679992628e-06,1.297353834426235e-08,2.264527137345056e-08,3.168075345431856e-06,1.936631617788747e-18
462,89D2.01.65,3.895059966807318e-05,1.481411479422155e-06,9.835926092112928e-07,2.130989286864706e-05,2.869097004538295e-05
463,89D2.01.66,0.05522650045916105,2.052396337473883e-06,5.635572985592588e-07,3.281623396840837e-10,4.417465316796516e-07
464,89D2.01.67,0.05484389705328439,2.430562152026487e-05,8.731087733283056e-08,8.69664384085929e-05,8.55508011198136e-11
465,89D2.01.68,0.05224768436054879,1.305068193306508e-06,1.030769139065248e-05,4.640321997855522e-06,0.0002248932130611741
466,89D2.01.69,0.06044960255937926,3.148940207111938e-06,3.059208308677893e-08,0.0002255387144930225,0.0004771570184612748
467,89D2.01.7,1.167627159288023e-06,9.769811158511104e-06,4.733049899742395e-08,6.011842690036902e-06,5.035645368006172e-05
468,89D2.01.70,3.799540574211701e-07,2.779368480785592e-14,3.348086712304646e-06,4.247026601957647e-05,1.914630639033068e-08
469,89D2.01.71,0.05313178875371566,2.300718390116818e-06,5.320580075140903e-06,2.039675790478414e-05,0.0008724977864134035
470,89D2.01.72,0.0510468464965621,3.001121021278934e-06,2.66862890322025e-06,9.977273388374922e-08,0.0001521832370263238
471,89D2.01.73,0.05744826016340901,1.355113774505418e-06,1.501524701758997e-07,1.57736257998841e-06,1.676996219115969e-05
472,89D2.01.74,0.05868040333091864,3.345223437007083e-08,3.280571987425676e-05,3.263557248251161e-07,2.162714613157065e-06
473,89D2.01.75,0.05713140343598517,2.171942752465754e-06,4.020002223904768e-08,7.960996021953825e-06,0.0003639791638886588
474,89D2.01.76,0.03955682795905431,1.417638437874058e-06,2.480796767895038e-07,2.437322397347573e-06,4.494066863945175e-05
475,89D2.01.77,8.115275245110911e-10,1.779977776241021e-10,7.481211278739481e-07,3.697512242378268e-07,1.708576792950424e-07
476,89D2.01.78,0.05428508371870983,3.196293629902558e-06,8.361348295269517e-07,0.0001030107726255068,2.575422235586163e-05
477,89D2.01.79,0.0001410345093813318,6.202832725216337e-06,7.019206900915877e-08,3.149626198061327e-09,3.173591998330685e-06
478,89D2.01.8,0.05729475106448352,4.958833840729379e-05,6.235914827060436e-07,6.046410940823077e-07,0.0006664212904189705
479,89D2.01.80,0.04474950863311,4.137657255263298e-07,7.252139303810633e-07,5.998080220428093e-06,3.253508285798872e-05
480,89D2.01.81,0.06130696703773231,1.226524116423094e-06,1.234910703702201e-06,1.599574992930015e-05,6.383273625890712e-08
481,89D2.01.82,0.0557581984700876,4.479744026349549e-05,0.0001203901725664498,1.206817838274302e-05,9.060856653298608e-05
482,89D2.01.83,0.05339836327857281,2.407270836856144e-06,2.385333997216967e-06,4.074606942390836e-06,0.0001129930069712089
483,89D2.01.84,0.05452575705372672,7.720916537046084e-13,4.452101776315748e-07,1.291111523274519e-06,6.791588952788479e-06
484,89D2.01.85,0.06032536167929966,8.816022176923277e-06,8.886159622863617e-06,3.214358213656411e-07,2.555430454162073e-07
485,89D2.01.86,8.638378294683546e-05,8.224737951774647e-05,2.762597118599571e-07,1.030812952644428e-06,2.32044060208664e-07
486,89D2.01.87,0.0002479890559735681,2.796525770684416e-06,0.0003267943457211097,8.821194031071477e-06,2.343708086605437e-06
487,89D2.01.88,3.896410000718689e-05,5.914169123981023e-08,2.931232380834269e-07,0.0003810299457799746,1.070899396362628e-05
488,89D2.01.89,0.05530343649308311,3.727914153750885e-06,3.847686808314049e-06,4.146673576478563e-07,2.448964903176706e-06
489,89D2.01.9,0.0632694110623141,2.7140041367321e-06,1.492284540611261e-05,8.260009494516008e-07,9.19297661723767e-07
490,89D2.01.90,0.05201509521635175,1.071315532833494e-07,5.655492895819692e-06,1.13872149785291e-06,1.864989732158695e-07
491,89D2.01.91,0.05678177907267399,9.204246259504112e-07,8.132390465855126e-09,1.260049455331621e-08,0.0001609452495714755
492,89D2.01.92,0.05112646761611683,1.305457990609262e-06,2.120457922737258e-07,2.969881009122005e-06,3.083016351778621e-05
493,89D2.01.93,0.05492385026544282,3.038054165307299e-06,2.562296886378977e-06,5.798990209953719e-06,1.26395693217158e-10
494,89D2.01.94,0.0356256332738851,3.835313051260267e-08,6.205171662052048e-10,1.378037762672762e-08,6.392405166455704e-07
495,89D2.01.95,0.001002293024060279,1.199932392184224e-07,1.034101598043135e-06,7.764567687346968e-07,1.535826848561564e-07
496,89D2.01.96,0.0003365691350149218,1.148874824865278e-05,1.65485829808734e-06,2.606823862292652e-05,0.000179245209109478
497,89D2.01.97,1.174226567820874e-07,5.544782308093217e-08,8.818828792567603e-06,5.624931237124894e-05,0.0001002996167064315
498,89D2.01.98,0.06224272122985652,7.60614983502356e-06,3.759830496364976e-07,4.728658835168039e-07,2.287671711812399e-05
499,89D2.01.99,0.05394337518023043,4.887937175817303e-06,6.705090362879471e-11,3.366604077180358e-06,3.308115925261804e-05
