,Genes,89D2,4F4D,5F62,4F55,5E8F
0,4F4D.01.1,5.626995306754262e-05,0.0550709329519682,2.5449457973563e-06,0.00113465631916279,0.0001972765374830653
1,4F4D.01.10,0.0007063942853542132,0.05198252314168395,2.304512691038509e-06,0.0005473014300769855,0.0001927106562411184
2,4F4D.01.100,7.321146322264012e-05,0.05783194606052259,1.354548035267274e-06,4.685416939304588e-05,0.001307682328756083
3,4F4D.01.11,5.442147232461132e-05,0.05816360359077444,4.127960681728352e-07,0.0007587329111159957,3.875649756499129e-05
4,4F4D.01.12,3.976313372033364e-06,0.06295802337493508,4.835671606320122e-06,0.0001626418455415272,0.0001906832239261574
5,4F4D.01.13,0.0002396841312866932,0.05548872429661784,2.135497169255776e-06,0.000452467911480389,0.000185468659171486
6,4F4D.01.14,0.0005117069433563255,0.05213912196506705,7.66096069020474e-06,0.0007866856326089641,0.0002983997274679716
7,4F4D.01.15,0.0008808542819639518,0.05231777788300907,7.695893399853603e-06,0.0006950306258941614,0.00049369681449296
8,4F4D.01.16,0.0002008231686154197,0.0757843840262928,2.513896699048916e-06,0.001203646459136799,0.0005981202272517668
9,4F4D.01.17,7.028069351890612e-05,0.05039994932107874,3.12877689201921e-05,0.0004078714998729683,0.0001882191271230005
10,4F4D.01.18,5.353247273464017e-05,0.05052983588213578,5.012501141948688e-06,0.001306584674583254,0.0005676408014090162
11,4F4D.01.19,4.476902282847014e-05,0.05241808616703787,1.449626584699749e-05,8.613700575110277e-05,0.0002305070184516214
12,4F4D.01.2,0.001083405563398999,0.05650401489289319,2.108261237754151e-06,0.0003743798781813663,0.000244106736042789
13,4F4D.01.20,0.0008427798564900745,0.05375281818233756,9.812837181206367e-16,0.000631071128673323,0.0006594227059919545
14,4F4D.01.21,0.0002153024834211193,0.05271983636811497,1.756186125362003e-05,0.0001409237559683092,0.0007054356173626162
15,4F4D.01.22,0.001555998139433866,7.833871338206234e-11,5.344114150830285e-06,5.064251052004051e-09,4.11996019437311e-05
16,4F4D.01.23,4.04534529092782e-05,0.05457284864453067,8.978991160722893e-06,3.476761146435271e-05,0.0002744191733754551
17,4F4D.01.24,0.0001564629655107842,0.05244908796679169,4.465679829722388e-07,0.00123258065869932,0.0002163816963262694
18,4F4D.01.25,0.0006238724212977776,0.067054581738413,9.591079756015553e-06,0.001288758308585054,0.001841721706220279
19,4F4D.01.26,0.0004072521997746929,0.05039395692792974,1.880010058343047e-07,0.001457744447706913,0.000304948925241277
20,4F4D.01.27,0.0002870810452537166,0.06107266157113577,2.947270205197288e-05,0.001679821412964989,0.001201145871326204
21,4F4D.01.28,0.0008348063683846367,0.05385829588740609,2.630785243295072e-07,0.0006852699394624594,0.000113100490077307
22,4F4D.01.29,0.001000829504576159,0.05263158891781858,3.082446507255082e-06,0.00123584211239307,0.0003825106329768876
23,4F4D.01.3,0.0003343348295150548,0.05489274337324428,0.0001213783305816335,0.003485084438271196,0.0002227503212165851
24,4F4D.01.30,0.001814501642472983,0.05194994108520563,4.929833400201235e-05,0.0001675885176772817,0.0008074048187297971
25,4F4D.01.31,1.783528668302364e-06,0.05352772664582123,2.527436406646715e-06,0.000164936062942364,0.0003923540814264994
26,4F4D.01.32,0.0008347193576827658,0.0529846210811793,0.0003639189020315533,0.0005779857026575506,0.001597835728303992
27,4F4D.01.33,4.561742967460234e-10,4.963072894222598e-14,9.078865985443386e-22,8.269273230931347e-13,3.408828533681777e-10
28,4F4D.01.34,0.0004815375034730678,0.07618148573421918,2.761712221528946e-07,0.001247181801279609,0.0004731147529017887
29,4F4D.01.35,2.601939450380003e-05,0.05535290508864752,9.330887807987492e-06,0.0002976074496224857,0.0001433282577959938
30,4F4D.01.36,5.247359837424673e-05,0.0570488048274817,2.896444626659851e-06,0.0002969928693895658,0.0004626556153801591
31,4F4D.01.37,0.0001236066910435385,0.05496201378492742,9.909339100504706e-06,0.0002689473661740842,0.0009738922678898352
32,4F4D.01.38,0.0006192750867672368,0.05174818203359949,5.591788163667719e-06,0.0004543430632761348,0.0004412252854335119
33,4F4D.01.39,4.160306878868063e-05,0.0641795630027895,5.712039820221443e-05,0.001317888715590176,0.000400901736660878
34,4F4D.01.4,0.002266949370667757,0.05133395651467338,5.092289428141914e-06,7.193010786457942e-05,0.001303689233419863
35,4F4D.01.40,0.0002632432552386613,0.05114312915221787,4.525344826234719e-05,0.0003332691694624885,0.0004720070062850253
36,4F4D.01.41,6.63186043533272e-05,0.05127809934687564,6.313700840628579e-06,0.0008773968854402905,0.0006933253628806696
37,4F4D.01.42,4.600565909743415e-05,0.05409978940783129,4.778580253698189e-05,0.0004018489938162949,0.0005532706492175186
38,4F4D.01.43,0.0001845195165516883,0.05944554179278937,2.921927479109647e-05,0.001376065035270251,0.001250920179429364
39,4F4D.01.44,9.800275663145611e-05,0.06688023757580755,4.479511390704291e-07,0.0004714596558285221,0.0008700778120781384
40,4F4D.01.45,0.0002277826989819624,0.0540847111456341,1.005373971147325e-05,0.001344940607606209,0.0005925977180202366
41,4F4D.01.46,4.645192846945412e-05,0.06174820921826795,2.447023318820325e-09,0.0002560328063548214,0.0005035152854252086
42,4F4D.01.47,0.0003574778687576814,0.0516582864102136,9.491133714007128e-06,0.0003809995035951222,0.0003965393589889558
43,4F4D.01.48,7.034527150518267e-06,0.05580142552457376,5.707257690516832e-05,0.000264860657784806,5.709438569218119e-05
44,4F4D.01.49,1.750181098389137e-05,0.05425665499393997,1.018885081558218e-05,0.001397966712318719,0.0007617710554700865
45,4F4D.01.5,0.001535639875581716,0.06043697999446293,4.482879371891047e-08,0.0003559486627572098,8.736020550166114e-06
46,4F4D.01.50,7.557115691365724e-06,1.173778988025589e-09,7.338834496021906e-15,6.240520204153277e-08,5.918146414313688e-09
47,4F4D.01.51,6.520367787923981e-05,0.05289836410400307,9.548933410424891e-06,0.0003135815750860308,0.0001903859173723202
48,4F4D.01.52,0.0002024635100089083,0.06408628626235573,8.969032581184977e-05,0.0001080615294516762,0.0001627586481702065
49,4F4D.01.53,0.0001823750895701602,0.05305436401432226,2.093395208357433e-06,0.0003402092894642437,0.0002415355570929146
50,4F4D.01.54,0.0001137152249856306,0.05092612270575805,5.965755087845093e-06,0.0005132882094844362,0.001116986083723198
51,4F4D.01.55,0.0006707861989873778,0.05728259399562137,6.337160738436249e-05,0.0002217858942664234,0.0005674709530865098
52,4F4D.01.56,0.0002444684908227928,0.05202102563088831,0.0001650543810247909,0.003466754596354819,0.0002293074594349749
53,4F4D.01.57,3.021606677580733e-05,0.05778100514626583,0.0001354314930436948,0.0008548222886377831,0.000228688443026847
54,4F4D.01.58,7.020280000087622e-05,0.05131948769347684,3.894851958716018e-05,0.0003079795842871744,0.003880096757415849
55,4F4D.01.59,0.001871102383197816,0.05250654419093174,9.365456305709527e-07,0.0007410347670370278,0.0006441491103912259
56,4F4D.01.6,1.160727157613762e-06,6.042969346656616e-07,2.371552616947855e-35,3.203535158223984e-06,8.351435729940793e-05
57,4F4D.01.60,0.0001449841556635697,0.05100949961573432,6.932042193039436e-07,6.203658631520756e-07,0.0009009751873660884
58,4F4D.01.61,0.001252984836985315,0.05269323622913196,3.573043385200163e-07,0.0001264140221427248,0.0001381331196934246
59,4F4D.01.62,7.387512603814442e-05,0.05763077784828546,6.804807326976416e-06,0.0001556771604684912,0.0003223932861688088
60,4F4D.01.63,0.0002998360211531769,9.698999073150595e-05,5.3359269063303e-06,0.0002631795474057355,0.0003207832318981362
61,4F4D.01.64,0.0001700547550299636,0.05315126631926163,7.648167947718458e-05,0.001296017319982601,0.0003368442009504106
62,4F4D.01.65,0.009849440820804958,0.05236588082250412,1.622095416779337e-06,0.0006155395005105203,0.001018743523938537
63,4F4D.01.66,0.00156592870515045,0.05124270984163513,2.85574810837124e-06,0.0007144490642356268,0.0003747596782270736
64,4F4D.01.67,2.116002548950356e-05,1.756151167886214e-06,4.361048095414742e-05,2.178999605643034e-08,8.734922696398598e-05
65,4F4D.01.68,5.982620192065497e-05,7.56168663202692e-07,5.246123258829462e-05,8.736827558911237e-07,9.683746235338544e-05
66,4F4D.01.69,0.0001549489874807264,0.05112782069363315,4.557450144654837e-05,8.734444083298898e-05,0.0004527427981341327
67,4F4D.01.7,0.0002930238455767387,0.05187535047665381,4.208154701041438e-05,0.000219014159274217,0.0002822654898682899
68,4F4D.01.70,3.856715224444807e-05,9.463803313922854e-07,1.895261182314621e-07,9.293645465840137e-06,1.729279859412336e-05
69,4F4D.01.71,6.245617912205048e-05,0.01359345025126317,2.572201948218799e-05,0.001722515448346739,1.956180249556586e-05
70,4F4D.01.72,0.0008090981030584856,0.05837390020504176,9.000154028105663e-06,0.0006959791578494836,0.001398304626764277
71,4F4D.01.73,8.609429440376954e-05,0.07134428604447594,7.382764137450708e-06,5.240153300572857e-05,0.0001779713490986335
72,4F4D.01.74,1.000360602150443e-05,0.05706704573310502,2.299401723853209e-06,0.00066224114464754,0.000504060588298407
73,4F4D.01.75,0.0008702737470878103,0.05408763275386227,5.01618325550446e-05,0.001293835237400055,0.001329481487808567
74,4F4D.01.76,2.016559983708179e-05,0.05383851197325126,1.670782711807999e-05,0.0004446443405021746,0.0003098966828859612
75,4F4D.01.77,5.26543402370605e-06,0.05567600267028951,2.21654064371147e-07,7.971017245694289e-05,0.00069189184638851
76,4F4D.01.78,0.0003624260172293544,3.061448153848575e-05,5.665649337135815e-07,7.935055161350026e-10,6.52144893762387e-05
77,4F4D.01.79,0.0003819263012391996,0.05190316369950927,2.255375399946773e-08,0.001769112834966889,0.0004845740242472968
78,4F4D.01.8,0.00119759671833346,0.05095300525861371,8.604463429127832e-06,0.002510145977228218,0.000122466066021244
79,4F4D.01.80,7.035789335511786e-05,0.05199942353706894,3.785116154215297e-05,0.0001469607750959522,0.0002076470470559659
80,4F4D.01.81,0.0006692129031079311,0.05830466849134016,7.122749959956005e-06,0.0007085644026448357,0.0005950373423687628
81,4F4D.01.82,0.001046638248156621,1.077804208608875e-05,1.049799454019296e-05,4.155812730576878e-05,0.0001805260492680612
82,4F4D.01.83,0.004795300130961027,0.05631554785035481,6.520936520707142e-05,0.0007423015226316498,0.0002963978700943353
83,4F4D.01.84,0.001481002678408952,0.05728021988064424,2.826881445917069e-05,0.008458495318077396,0.0008613106114755995
84,4F4D.01.85,0.002599278520646568,0.05165040490335912,1.40127541829526e-05,9.83683918044494e-05,0.0002902422886789398
85,4F4D.01.86,0.0004617879760184103,0.0560108090857647,3.472420846040082e-05,5.270125858844246e-05,0.0002749967708198486
86,4F4D.01.87,0.001972409545795768,0.06269865937559257,4.261919193229902e-05,0.0003288561615544753,0.0004245729898569192
87,4F4D.01.88,0.001094647740394813,0.06113248448994971,5.026867061271059e-07,0.0003619017894837663,0.0006869191700751716
88,4F4D.01.89,0.0001450323953682822,0.05508979566100251,6.947135628925167e-05,0.0001933284191280362,0.0003770909882065122
89,4F4D.01.9,0.0006448899204482987,0.0031673196490885,8.573642303093297e-06,1.473583876169238e-07,0.0005454853307894593
90,4F4D.01.90,6.83399578566187e-05,0.05010744410954687,0.000102210175289308,0.006288484817297425,0.0002053025025504169
91,4F4D.01.91,0.0002045870087348561,0.05196110539194911,4.705603936463722e-08,0.0006527274054806696,0.001189767659141165
92,4F4D.01.92,0.002031556005540432,0.0606069384693202,3.421191546616806e-05,3.362315582231259e-05,0.000234901771984932
93,4F4D.01.93,0.0005603207810232588,0.05485985837693538,9.801780504905927e-06,0.0002762535234333147,0.0004634594779512471
94,4F4D.01.94,0.001568915947234546,0.05000837323854977,3.324437402478016e-08,0.0008004630257693698,0.0003169011894159902
95,4F4D.01.95,0.002123612593140283,0.052197915028623,6.610857297652321e-06,0.0002911245188016372,0.001421703006581119
96,4F4D.01.96,0.001030017072570564,0.0563410334862048,8.780039067694225e-05,0.0002660822659938762,0.0007083208540147437
97,4F4D.01.97,0.0001435000904332445,0.05840899759915339,1.021504512120337e-06,0.0009989211246022832,0.000214150189450217
98,4F4D.01.98,0.001188126351966705,0.05207433073361653,3.345503966727372e-05,0.0004490107125973346,0.000371445447709231
99,4F4D.01.99,0.000224826341402794,0.05029365107701748,5.956962524964351e-05,0.0001275099510979051,0.000204760906311849
100,4F55.02.1,0.0004868877570360273,0.001070784798437987,2.129898687318751e-05,0.05392416393885159,0.0008486453918764151
101,4F55.02.10,0.0002317576840962957,0.0001633561563700329,2.577248234342872e-07,0.0612589859808902,5.384893454035692e-05
102,4F55.02.100,0.001525737957601003,0.0006492165698591164,7.785731518215094e-07,3.842743094021793e-05,0.0008614706494858502
103,4F55.02.11,0.0009454644267092216,3.445920386547872e-05,2.350617131020243e-05,0.05179120798184206,3.228629192761503e-05
104,4F55.02.12,0.0004122032469325227,5.438035987229001e-05,2.156861920985011e-06,0.05191952298781178,0.0002203213041792821
105,4F55.02.13,0.001656229746794133,3.935977193085519e-05,5.559126019522632e-06,0.06383120461359576,0.0003969775169851073
106,4F55.02.14,7.511840829245033e-05,0.0002078424787545868,5.934166312873789e-06,0.05427593505929609,0.0002895006991000982
107,4F55.02.15,0.0002882797541022531,7.955402098716537e-05,1.178469146201127e-05,0.05057340219462724,0.0001065445709590969
108,4F55.02.16,0.0003083575716468372,0.0001238259800640269,1.401794957891132e-06,0.051914297507506,0.000577284392739343
109,4F55.02.17,0.0001220204583823487,4.665218027460631e-05,7.019518718202119e-08,0.05616810239971554,0.0001212181038449405
110,4F55.02.18,0.0007854400647627602,8.903580545123668e-06,2.334596087202077e-06,0.05687477485366817,0.000247304898098677
111,4F55.02.19,0.0008700952395941572,0.0003825034787864669,7.035449919353745e-12,0.05122127447003486,0.0002111721858765666
112,4F55.02.2,0.00153387066145682,1.981259802917577e-05,7.530228094941194e-06,0.05089545154288648,0.0001252063654940711
113,4F55.02.20,0.0002838624643864045,0.0004749440923698725,9.716756715591972e-06,0.05401532998556154,0.0002443487150578284
114,4F55.02.21,9.73014712112395e-05,0.0005343793110253675,7.921181765954554e-05,0.06699287636557608,0.0003029877640437894
115,4F55.02.22,8.936987886273568e-05,6.568159656740957e-06,3.205470692844544e-07,0.0557391711848134,0.0004201674936958674
116,4F55.02.23,0.0003381353478554605,0.0001535016108138647,5.865306652516774e-05,0.05620159333147554,0.000675806818480466
117,4F55.02.24,0.003024896891732488,2.156276730434157e-05,2.423820602530933e-06,0.05977457613996408,0.0001352800955952952
118,4F55.02.25,0.0003275963091888253,0.0001040532135384109,6.507579018174602e-06,0.05955811440337642,9.128819774356861e-05
119,4F55.02.26,1.492393900100653e-05,1.032716830307469e-07,3.417317840430684e-06,7.976064726834624e-11,4.828936180127753e-07
120,4F55.02.27,0.0003208720423757531,0.000296808706126177,5.108762864775779e-05,0.06380379458533843,0.001292336318631
121,4F55.02.28,0.0001628686420639992,0.0003871578903733183,2.440102562203899e-06,0.05161071373285635,0.0004232412907355719
122,4F55.02.29,0.0004643892663606948,7.677121215579006e-05,2.414563305330752e-07,0.05106568362611121,6.608851853197145e-05
123,4F55.02.3,2.448471053838882e-05,5.460975464922446e-05,2.44884681255953e-08,3.989028776064307e-05,2.730918746509172e-07
124,4F55.02.30,0.001460579024710068,0.0001568597114349945,7.492500094953578e-07,0.0549471489323408,8.411516439016319e-05
125,4F55.02.31,0.001161917641195872,7.760104967426483e-05,1.059124282375224e-05,0.05216460303157486,0.0001443071691761065
126,4F55.02.32,0.0003172803440365518,0.0002682707496866951,0.0001095760106198221,0.05461622811195487,0.0001224339654971249
127,4F55.02.33,0.0002684204340352007,2.861831412458293e-05,5.557023137297439e-06,0.05357379764344095,0.0004795084952391025
128,4F55.02.34,3.924416020355672e-05,0.0004005325917424513,3.130612993690518e-05,0.05193427016457156,0.0001202529243045352
129,4F55.02.35,8.743216920550676e-06,0.0002158944780204026,1.454012164160874e-05,0.05295412003211514,0.0002443231790100433
130,4F55.02.36,0.0001487347996477352,0.0001840925072361822,2.7044161908338e-06,0.05103040683111378,0.0001022267067476478
131,4F55.02.37,0.0008763459904047845,4.584383330612584e-05,8.169154148007957e-05,0.05797066661030448,0.0004604293001390103
132,4F55.02.38,0.000275242099584205,1.21859870224657e-05,3.656179415547568e-07,0.05509832055431653,9.17810998765451e-06
133,4F55.02.39,0.001540928526785959,0.0002747178974511182,4.494636246882712e-07,0.064937218255654,0.0005309523269735201
134,4F55.02.4,5.465252130101044e-08,1.480627661266695e-06,4.062452306932474e-06,9.203304104804865e-05,0.0001826427437327707
135,4F55.02.40,0.0004734240439783724,6.760677480386802e-06,9.44349466002764e-07,0.05224997308575927,0.0003209985545225488
136,4F55.02.41,0.001571403651696685,5.61720485449802e-05,3.920249448015476e-08,0.0523873610238818,0.0007158409160740886
137,4F55.02.42,0.001458634338837785,0.0002761976807146566,1.178335376519573e-05,0.05117054590928061,0.0002594653908276756
138,4F55.02.43,0.0001227157048847242,0.0001670100949627027,1.33061178007991e-05,0.05936473719059702,0.0007427545623790193
139,4F55.02.44,0.0004250098130452297,0.0003187916846171076,4.650371638611317e-06,0.06510962790900737,0.0001627013503177966
140,4F55.02.45,1.798399875391385e-05,7.586239453410175e-05,4.000871054217254e-05,5.657767552904605e-06,8.265544278521637e-05
141,4F55.02.46,0.001003760834077834,0.0001243661591207605,5.787580154669152e-05,0.02758235611499824,0.000263644116203674
142,4F55.02.47,0.0003744844539069572,0.0001408186271516061,1.419596032240842e-05,0.05324999542383761,0.0001514658730364077
143,4F55.02.48,0.0003764215494604433,1.583357673662857e-05,5.68643614935654e-07,0.05321924770408355,2.129112102076953e-05
144,4F55.02.49,9.001954081601416e-05,0.0006253504503794783,2.477450064691406e-05,0.05421629645944638,0.0001030318237786521
145,4F55.02.5,0.001512382212144989,1.208553829549577e-06,1.35737397318808e-05,0.06691423638976406,7.702962477148053e-05
146,4F55.02.50,0.0001830666646267566,6.764606512242256e-06,7.567265130100177e-06,0.05732660087335091,0.0002982837553851236
147,4F55.02.51,1.574211618590005e-06,2.09472446015334e-06,2.329155690253573e-06,0.0002424942526663787,0.0001084139991143855
148,4F55.02.52,0.0004545686594423497,2.218248687208726e-06,9.16373611873413e-06,0.05098899951311466,0.0003560593072062451
149,4F55.02.53,0.001358423865319643,0.000106163817631922,8.680497195656992e-07,0.05443400304056425,0.0008806745186424441
150,4F55.02.54,0.0002360816525647399,0.000378241448482649,1.914374323984874e-05,0.06251429498965339,5.218023264150975e-05
151,4F55.02.55,4.889084594890132e-06,0.0001352613973792965,1.142771177036865e-06,0.0698092087771228,0.0003904046345655744
152,4F55.02.56,0.0009113302167923079,0.0001360353843061034,4.441855121485274e-05,0.009849830689956082,7.17952666927547e-05
153,4F55.02.57,0.000367302310280243,0.0002639349040935245,3.793666582409603e-06,0.05682825450234207,4.85716709644758e-05
154,4F55.02.58,0.0002188022389853906,5.199273024390733e-05,5.794485277137455e-06,0.0604698024499367,0.0003929908423321915
155,4F55.02.59,0.0004667688339586907,6.462604327403803e-05,6.085258566505889e-06,0.06731052180427287,0.0002119286930074446
156,4F55.02.6,0.0004102701416142995,5.355365069472909e-05,8.505869360630738e-06,0.006763354684262968,0.0004279115639421317
157,4F55.02.60,9.036834977329555e-05,6.555737505394539e-05,3.274063014745724e-06,0.05411248549912279,0.0001835417790451592
158,4F55.02.61,0.0004324219205866234,9.367937514805141e-05,4.666871761442389e-07,0.05802358868911724,0.001868944149199543
159,4F55.02.62,0.0009528334141174923,0.000638848714937954,7.993205951881462e-06,0.06163520111605553,0.000829129674625707
160,4F55.02.63,0.000317571223934105,0.0004403805683483357,1.316629816275115e-05,0.05432258413615324,0.0003991349875128083
161,4F55.02.64,0.001542647555560779,0.000278752561716731,5.156928867994456e-05,0.05703590728490311,0.0005519243800173944
162,4F55.02.65,0.0004767682012475706,0.001066854215395215,3.357133797589291e-06,0.007114341346564656,0.000219241285416225
163,4F55.02.66,0.0007795695561253345,6.894447178147402e-05,1.902563746473981e-05,0.05736144797646257,2.262549664374181e-05
164,4F55.02.67,0.0002677213684809453,1.335947440855681e-05,2.003885382724907e-08,0.05761140384518443,0.0001090635101634081
165,4F55.02.68,0.0005015709932468664,3.343225248276618e-05,3.900538854640322e-06,0.05023096069761523,0.0002993833817139624
166,4F55.02.69,0.0003296381736393715,3.558932887836819e-06,5.541827089891339e-05,0.05641578427364211,0.000135078297983126
167,4F55.02.7,0.0003225535468063713,0.0003427669113312127,2.427354231958801e-06,0.05117787662666982,0.0003254774198521253
168,4F55.02.70,0.0001248743482082756,3.349815856936599e-05,2.35085282007826e-05,0.06645327759743082,0.0003851765169972516
169,4F55.02.71,0.001242913754860998,9.590121611194598e-05,2.670572240988762e-07,0.05378846202692216,0.0002307388108797259
170,4F55.02.72,8.392749117012006e-05,1.779872479144449e-05,1.602081758839485e-05,0.06039639075092099,7.442904821908542e-05
171,4F55.02.73,0.0002196763011775172,4.622027799775895e-09,6.00326870687661e-07,0.05626339471180623,0.0001706691886830524
172,4F55.02.74,0.0003301903238274423,0.0001086373247980181,2.483535332496924e-05,0.06440112693236447,0.0002975739358468704
173,4F55.02.75,0.000930914888117686,6.494852577523883e-05,1.697534701633906e-06,0.05433832050123392,2.412253324831223e-06
174,4F55.02.76,0.004403407312761864,0.0006992951859929317,0.0001643367935673287,0.06374001591608958,0.0003417194745715734
175,4F55.02.77,0.0003505742247126536,7.007558405032028e-05,7.989082591899266e-07,0.05369687349137012,0.0006881148674002823
176,4F55.02.78,0.0001773305241178106,0.001124526105713135,2.114573881426318e-07,0.05186824484461101,0.0002969936927940954
177,4F55.02.79,0.0006203576373462505,5.414882356437293e-05,3.386946462772779e-06,0.05337746859835377,0.0002909562280094911
178,4F55.02.8,0.0001246783560798248,9.802185873700758e-05,2.974821677013412e-05,0.05353429778312859,8.066538400341636e-05
179,4F55.02.80,0.0002015150982916797,1.175011797870586e-05,7.5051578525495e-06,0.05823773026787836,0.001419151231257107
180,4F55.02.81,0.001419677101407778,3.257635394544786e-05,1.367328852318113e-06,0.05032920894876333,0.0001818363767507134
181,4F55.02.82,0.0006159504223809286,0.0001767360064297993,2.875280211133959e-05,0.05153067965532801,0.0005692213294432058
182,4F55.02.83,0.0003179238605193721,1.055416452684901e-05,3.137723722209267e-06,0.0585375783266764,0.0003319503862006005
183,4F55.02.84,0.0002076081061439974,0.0002165509379598316,7.098505688560628e-06,0.06806168027318883,0.001060962865437931
184,4F55.02.85,0.0007695558233735719,6.59171281939288e-06,2.238244000112068e-06,0.05767560309209259,0.0002959312621801783
185,4F55.02.86,9.544652206638292e-05,0.0002837221485222164,3.101709711275199e-06,0.05008700980161801,0.0002360695616358525
186,4F55.02.87,6.733057281781632e-07,1.237258435141781e-11,5.043403574031433e-12,1.083667795247463e-08,3.471422545537633e-05
187,4F55.02.88,0.0005650458441759534,0.0009685708484895565,5.017505044484719e-05,0.06196590051842295,0.0003228379602447857
188,4F55.02.89,0.0002847920942217721,0.0001145566977447447,8.858170791568245e-06,0.05527890752219994,0.0002999948292385664
189,4F55.02.9,0.002387038556352704,8.232040327405517e-06,5.313767589530358e-05,0.05588030677887832,0.0002581753337260436
190,4F55.02.90,0.000313677464092451,2.408353221473021e-05,1.497265756476673e-06,0.05284119353242468,0.0001157430871494489
191,4F55.02.91,0.0005076368572884421,0.0001529677309696231,2.05846744637641e-05,0.05720904351375954,5.659643045730508e-05
192,4F55.02.92,0.001670316660666285,4.537084863636793e-05,2.542215158269448e-06,0.05256570925787758,6.309351853164286e-05
193,4F55.02.93,0.0002238365749999336,1.958588495779109e-05,1.437714503275378e-05,0.05141893977561798,5.151472500299936e-05
194,4F55.02.94,0.0002286432843038653,0.0005094859738885365,8.875731175681023e-07,0.06368114316990195,0.0003664117725031703
195,4F55.02.95,0.0005125252364055644,1.385139415435196e-05,5.101707076033519e-06,0.05784006571743996,0.0002288876183138353
196,4F55.02.96,0.0004007690777288364,0.0002661135036444395,1.77994251921533e-06,0.06317945957212909,6.22389565319396e-05
197,4F55.02.97,7.922443287952709e-05,0.0006314603789827584,2.58412899801685e-06,0.05239995139877783,0.0001718143617505156
198,4F55.02.98,6.034196495574054e-06,0.0004792630646474676,3.294812854562813e-06,0.05199441672038128,0.000730161799128291
199,4F55.02.99,0.000980446870360129,0.001915415962291367,1.06525067307861e-05,0.00343295251776452,0.001465452153193609
200,5E8F.01.1,7.371663438811711e-06,0.0002061379672106997,7.007247565993599e-06,3.99888133946262e-05,0.05747695376665304
201,5E8F.01.10,8.156356842101302e-05,0.0008557143079875019,3.952784549047887e-06,4.719549244590172e-05,0.05171323761695459
202,5E8F.01.100,8.635152630573542e-05,0.0002945648513944304,6.607710117936313e-07,7.88965499014761e-07,0.06193491842006876
203,5E8F.01.11,4.314015882999696e-05,0.0004217537782312103,0.0001479526330207127,0.0001299781107574562,0.05159343445570646
204,5E8F.01.12,8.918683989458392e-05,0.0006344017288952609,3.251679972431181e-05,0.000100304584988586,0.05110395490888149
205,5E8F.01.13,8.308009768211099e-06,0.0001857711862058831,2.357564782972277e-07,4.990273913831112e-05,0.02265992966329165
206,5E8F.01.14,4.008282561791148e-05,0.0001897044398579683,1.129453894802286e-05,7.104204851986888e-05,0.005568559851547094
207,5E8F.01.15,8.44996511194044e-05,0.0005947282728525972,5.52746818829414e-08,4.018702017667123e-07,0.05033254050327633
208,5E8F.01.16,8.232209135344506e-05,0.0009315333147326219,1.1520384100163e-06,0.0002317942899221048,0.0521082842916266
209,5E8F.01.17,8.87721121309605e-05,0.000325834708062434,8.464071383097306e-06,0.0002829902570455333,0.05137537935678778
210,5E8F.01.18,2.1804094853015e-06,2.277957384403124e-05,1.911377135192941e-06,6.422757576130911e-06,0.05999165577502642
211,5E8F.01.19,3.483907661763216e-05,0.0002449280893463611,2.527515281672862e-06,4.7941699836025e-06,0.05130440666623817
212,5E8F.01.2,0.00027468742747543,0.0008171458564181059,1.417232000762127e-05,4.824722771807913e-08,0.05064352923356788
213,5E8F.01.20,3.108995809127348e-06,0.001883214525980301,2.646918519401377e-05,0.000220770978438948,0.05274738477116203
214,5E8F.01.21,7.0622271257028e-05,2.176959753216971e-05,2.438959037059682e-07,6.989260922231195e-06,0.008110990530421169
215,5E8F.01.22,7.621623026353218e-05,0.001172346637151151,1.757182110993679e-08,2.845215427648248e-08,0.0510984055828264
216,5E8F.01.23,1.537539943503289e-06,0.0004752587037444692,2.354297581023633e-07,2.016400657541465e-05,0.05049461154674604
217,5E8F.01.24,5.823578395701871e-05,0.0001650756275156864,0.0001668117249078871,4.460606982987361e-07,0.05676566555433878
218,5E8F.01.25,0.0001603263859161335,0.0001315860950175178,1.488218151400973e-05,2.106445542934118e-06,0.05023680717034908
219,5E8F.01.26,2.692060782581582e-07,1.131492011409772e-07,3.817050024897675e-06,7.389253383326042e-08,0.05231192633749127
220,5E8F.01.27,7.023895139983623e-05,0.001106785664100083,1.023314470888486e-05,2.642057076042537e-05,0.05704164693342242
221,5E8F.01.28,3.921133553838171e-06,0.0001298803342027237,2.385249235529218e-06,9.032035979752165e-05,0.05296252015254153
222,5E8F.01.29,0.001676666120853213,0.0007421741993735371,1.220320935263144e-06,1.239039031455222e-05,0.05644626907936842
223,5E8F.01.3,1.019603570642719e-06,0.0003520008387570622,6.990966715024637e-07,4.652110949168824e-06,0.05334856767091378
224,5E8F.01.30,5.563208022318798e-05,3.614903421585611e-05,7.374282817325114e-06,1.281361133128599e-06,0.05329978600419008
225,5E8F.01.31,0.001043557024580875,6.756627487188737e-05,2.183243352783189e-06,4.826402963615273e-05,0.05020144737980991
226,5E8F.01.32,9.098068302406392e-05,0.0003782679047213648,2.241001994111653e-07,0.0001863437072156677,0.05080204385866137
227,5E8F.01.33,4.723166274114973e-05,0.0004890998213267742,1.649808988119812e-06,3.659625054810666e-05,0.05920364293165539
228,5E8F.01.34,7.945696231391045e-05,0.000557858552526648,6.73052109830098e-06,5.724413429192852e-05,0.05284464492325325
229,5E8F.01.35,1.990350408945694e-05,0.0005490744318892006,3.225689472392596e-08,3.383583394761156e-09,0.05849614464967443
230,5E8F.01.36,0.00014872261937774,2.775324881219888e-06,5.071242899079659e-05,1.555828835432257e-08,0.05030382212119357
231,5E8F.01.37,1.504186233036093e-06,8.39336298851371e-05,6.082621645662823e-07,2.358326842141327e-08,0.0599352128061905
232,5E8F.01.38,2.607203825408176e-05,0.0004729240342715508,1.26921283898662e-09,0.0001238711104517837,0.05084013153027372
233,5E8F.01.39,2.039941155345834e-05,9.084442048106545e-05,4.214591649779449e-06,1.058493978925698e-05,0.05128259251598536
234,5E8F.01.4,0.0001595312861477908,0.0001884166377837222,4.286035174065602e-06,1.065396392929254e-05,0.05523179107475865
235,5E8F.01.40,8.61621182577944e-06,5.472634156435033e-05,1.018751224459623e-05,3.751953215776965e-08,0.05490488820527609
236,5E8F.01.41,1.084140283394869e-05,0.0005041368649686463,2.562917316453636e-06,3.033915306817451e-05,0.05623586328545125
237,5E8F.01.42,0.0003489949401380333,9.576916987428519e-08,8.427912794763175e-08,5.83209940058985e-05,0.05075830580242409
238,5E8F.01.43,2.615279297495455e-06,3.410867423584809e-06,1.915763683565982e-05,5.95020331652903e-05,0.05023590235318723
239,5E8F.01.44,0.0001021090599001208,0.0005039254306288543,6.599134491583522e-06,3.203880677094835e-05,0.06148767733648121
240,5E8F.01.45,2.290022840720717e-07,0.000205164434232531,3.843111983801372e-05,2.760854157184724e-06,0.06184128228475609
241,5E8F.01.46,8.652594750116371e-05,0.0002893420902229361,9.075563516810755e-06,5.671225072365722e-05,0.05169711390652471
242,5E8F.01.47,8.498998657821856e-05,0.0002594853027184576,1.756113032615931e-06,2.091219071662489e-06,0.0513857816963387
243,5E8F.01.48,8.567679377742038e-07,0.001496106863385233,8.029734271825566e-09,8.552204155545414e-05,0.06303822460400876
244,5E8F.01.49,3.882668235286773e-06,0.0003448662577339979,5.005169473044181e-06,5.928574112243899e-07,0.05031890790414044
245,5E8F.01.5,1.362881776795641e-05,0.0008639894076469725,7.108758115993045e-05,0.0001120965680373638,0.05643092286406155
246,5E8F.01.50,0.0005208066355200671,0.0001781411460711573,2.781245284364647e-06,7.500601448670659e-07,0.05232812414943107
247,5E8F.01.51,9.096312434103676e-05,0.0002605425136802656,1.911184264472545e-06,7.871455740327337e-06,0.05251974955158314
248,5E8F.01.52,0.0007064823701232591,0.000264953915053178,4.081058587764678e-05,1.180162252148454e-05,0.05848719199614257
249,5E8F.01.53,0.0001017333934031586,0.0006464760036565762,1.607816386137501e-05,2.636959430500344e-05,0.05088601058192859
250,5E8F.01.54,0.0001902100369983053,0.0005485095918059015,2.192793802838976e-06,3.809015608299404e-05,0.05068786820202326
251,5E8F.01.55,0.0001211082957951805,0.001111142311318171,3.660667492851132e-06,5.605671964440125e-07,0.05144686052316978
252,5E8F.01.56,0.0001762209758110109,0.0003253052345197265,3.259104235302545e-05,1.183569117846798e-05,0.05634195906750865
253,5E8F.01.57,0.000220814806488753,0.0003338196085769272,9.931403281097205e-06,1.47371086169183e-05,0.05296070484184341
254,5E8F.01.58,3.110317986632316e-05,0.0003093414063724639,5.840406757970847e-08,4.379527984522987e-06,0.05116582283501918
255,5E8F.01.59,6.684212154014772e-05,0.0006440820526556007,2.481523731236613e-06,3.929710219558196e-05,0.05182065654549331
256,5E8F.01.6,0.0003191406033038245,0.0004752695812004985,5.062153234668245e-06,0.0001117433927746853,0.05083013516088191
257,5E8F.01.60,5.317242267156856e-06,0.0003258336611490125,2.199932059768252e-07,2.055416367543103e-05,0.05021256632706972
258,5E8F.01.61,0.0003193954404153304,0.0003588089925459091,2.313145037874952e-07,3.346350830516453e-05,0.05076385717451668
259,5E8F.01.62,2.955686258514708e-05,0.000264193902695877,1.92340224056065e-06,7.615634395427133e-06,0.06109364974020528
260,5E8F.01.63,3.242810398770613e-05,0.0006271056421575262,8.881173783987715e-07,1.904491694778031e-07,0.0507267568451933
261,5E8F.01.64,1.921842451134441e-06,0.0003899678442364297,1.06938344801711e-07,6.015439115542098e-05,0.05163460371262765
262,5E8F.01.65,0.0002705733298101013,0.0005026506881823179,7.927562064826888e-09,0.0001395238427987592,0.05085094535402341
263,5E8F.01.66,8.789735852521455e-06,0.0001176117290435683,7.41238306690156e-06,0.0003970551787752067,0.0527389858604824
264,5E8F.01.67,0.0001615999608792758,0.0006675883849083592,1.332439129527661e-06,1.465615342762869e-07,0.05329324660145865
265,5E8F.01.68,4.35671023210163e-05,0.0001595983523633029,8.047922076303108e-08,1.814034787654651e-06,0.05398092283875384
266,5E8F.01.69,0.0001360412232755577,0.000310134885251371,1.74704103121782e-06,2.120503862757486e-05,0.06200703880634603
267,5E8F.01.7,0.0006413285649240222,0.0004721382632056058,1.29274686405052e-05,0.001420304734603184,0.05232886651741625
268,5E8F.01.70,1.807173036643223e-05,4.759316654754189e-05,5.172428743307572e-07,7.526557242315853e-07,0.05318849725705707
269,5E8F.01.71,3.26292954519789e-05,0.001952325077250726,2.075827409837283e-07,1.391995838724594e-05,0.0553293010028218
270,5E8F.01.72,7.849447381244235e-05,0.0006314254173467851,9.562407025465553e-07,5.602936945139251e-05,0.05305323572647821
271,5E8F.01.73,4.576430882905854e-05,0.0003557641275559379,4.392234696874009e-07,2.17676378020872e-05,0.0007518146570039743
272,5E8F.01.74,8.399031753967265e-07,0.001558572779254311,1.920596598536416e-05,5.322436205174579e-05,0.0513294334334063
273,5E8F.01.75,0.0003817864339185245,0.0005291690862317222,3.692813653418055e-05,2.99997428306401e-07,0.05510051142645073
274,5E8F.01.76,2.44244678660791e-05,0.0001384083215463995,7.223976725262953e-06,3.965868076494202e-05,0.05108472918605046
275,5E8F.01.77,1.812195170456025e-05,7.936064073031765e-05,1.208589173677445e-06,4.035479016152414e-10,0.05303384632303366
276,5E8F.01.78,6.902065578728682e-05,7.479147471196083e-05,3.820731356335871e-06,1.543269508893933e-05,0.05063740277819267
277,5E8F.01.79,7.271190273656977e-05,0.0004220120412751296,7.554128256060388e-06,1.429507335251336e-05,0.05283718656833676
278,5E8F.01.8,0.0003380358213403188,0.0001525994318994379,1.836517282309929e-05,0.0001214401567620594,0.001822973147909425
279,5E8F.01.80,0.0004213098295606034,0.0004815969510720121,3.694096366030202e-05,0.0003736373256222571,0.05029674720992597
280,5E8F.01.81,0.000283763794758213,0.0001559280926267862,3.476056406119456e-06,0.0001386973073352808,0.05348441905376924
281,5E8F.01.82,0.000134628046842782,0.0004704367142471213,4.3969035100883e-06,2.191557679165262e-05,0.0584491386788439
282,5E8F.01.83,1.636470971892073e-05,0.0004997781981477965,9.377528245996627e-09,0.0001005427068204696,0.06715845335832202
283,5E8F.01.84,6.956546207998985e-05,0.0004058985199743433,1.212926735805905e-07,7.826296419777047e-06,0.05055258044777703
284,5E8F.01.85,0.0001278933247458915,0.001376763172035565,7.30517979434722e-11,6.044885779216973e-05,0.001162898413061026
285,5E8F.01.86,2.511671845088016e-06,0.0002106919229903897,1.578135638955037e-06,1.621530543733475e-05,0.05048536397613017
286,5E8F.01.87,0.0002693436858148492,0.0004916708475939716,5.97412715289735e-06,3.2613113930086e-05,0.05384551431969372
287,5E8F.01.88,0.0001371577221867767,0.001680777258811369,4.962009270586627e-07,0.0002789281113567269,0.05391549745910402
288,5E8F.01.89,4.787312087969909e-05,0.000130885272876806,5.872885225125565e-07,4.006445177518757e-05,0.003685627926945546
289,5E8F.01.9,3.326840218537067e-05,0.0004516084178563966,4.703771670509974e-06,6.066323261948359e-05,0.05184067343421418
290,5E8F.01.90,4.676408240993614e-05,0.0001918168413844096,1.856711734387433e-05,0.000648136547835411,0.05113667848678406
291,5E8F.01.91,0.0001962015101681472,0.002958610481754919,3.11032331368326e-05,8.921409979307364e-05,0.05141675387575219
292,5E8F.01.92,5.687116847722815e-05,0.001628848761141167,4.235814236198637e-07,8.822051075345214e-05,0.05020565004796517
293,5E8F.01.93,8.651140607919299e-05,0.000792096588489535,1.799644553964816e-05,0.0001336370755588414,0.001521865624908959
294,5E8F.01.94,0.0001760578482664543,0.0004007995925422478,9.276917245626366e-05,0.0001386448171587849,0.05088402099950103
295,5E8F.01.95,2.099622069043624e-05,0.0002068074352272555,1.564400734482447e-06,5.482244205149771e-06,0.05610205336524091
296,5E8F.01.96,0.0004957445783160439,0.0005930289791951185,4.516140595299285e-10,0.0003370842163641846,0.05051219673940446
297,5E8F.01.97,5.600241805922118e-05,0.0002011665437526824,9.622480167085176e-08,0.0001023386032828035,0.06123054910708519
298,5E8F.01.98,0.0001336096372634607,0.0005720678083678495,4.887267875244036e-07,8.931167859811252e-05,0.05382400008756359
299,5E8F.01.99,0.0001056792251430346,0.0001162258986472116,1.219551912456598e-05,3.031712589319923e-05,0.004421333475584828
300,5F62.01.1,1.303072102753732e-06,2.036419413701594e-05,0.05144841130000311,7.722330694306815e-05,3.032469447700945e-05
301,5F62.01.10,6.964994916194667e-05,6.021782647147789e-05,0.0595510199221771,1.01012545599479e-05,2.737114734104478e-05
302,5F62.01.100,0.0001718226268331446,3.708119905653631e-06,0.05061092166848178,5.460717011732197e-05,0.0002568324756807868
303,5F62.01.11,1.670067089151578e-05,4.713070422054548e-06,0.0001449200738995957,3.657400358987339e-06,7.139934977772386e-05
304,5F62.01.12,2.04517734488417e-06,2.181296455932611e-05,0.05768714694586309,1.816603837309954e-05,0.0002541425247002857
305,5F62.01.13,1.197339588737297e-05,2.864425585300281e-05,0.05107357506966351,2.746554856604837e-06,0.0001257460837979229
306,5F62.01.14,8.499649042071802e-07,6.020432581049253e-05,1.043543209437325e-16,5.895852038647429e-09,4.636973712882651e-11
307,5F62.01.15,2.36267092811313e-06,4.441238488133021e-05,0.05748537318119708,2.82676695680162e-06,0.0001423897086830483
308,5F62.01.16,0.0006095323351027562,2.246596723390819e-05,0.05087715605470849,1.275960895529552e-05,6.522641479376292e-05
309,5F62.01.17,4.747160582346483e-05,9.749549063404752e-05,0.05836715531816083,8.483990624477095e-06,2.344632681057979e-05
310,5F62.01.18,0.0004874138780890906,0.0004373604087435469,0.05136829076569554,3.172698718900749e-06,0.0001586095418286951
311,5F62.01.19,0.0006080322080979557,3.493742142012973e-12,0.000206882602805966,6.367643976542981e-06,9.37374362858842e-06
312,5F62.01.2,0.0002578461320132356,0.0002527857836448557,0.05181678881636516,0.000139825129072222,0.0002874567738238164
313,5F62.01.20,0.0002834020890300725,0.0003389369944556459,0.06719162837030684,3.008058012907625e-05,0.000682361362683229
314,5F62.01.21,2.973875877389238e-05,6.402920341826295e-05,0.05118047110654147,4.271847319269742e-07,0.0002211089878108048
315,5F62.01.22,3.742336704937604e-06,7.387810575072725e-05,0.05166117566862811,2.402520044565389e-05,0.0002421400891717758
316,5F62.01.23,1.182258451260829e-06,6.640493285964236e-07,1.237798224391827e-28,2.985642613961063e-06,1.015427189772031e-41
317,5F62.01.24,2.527558202059309e-06,7.243257531555271e-05,0.05107446531666509,7.997542203457874e-06,1.230175427905726e-06
318,5F62.01.25,0.0009029704898880323,0.000204916138951076,0.05174975177597645,2.580542258212376e-05,0.0001752171307581337
319,5F62.01.26,8.955268245302876e-06,1.652426326373417e-06,0.05264676970474284,7.958679570164769e-07,0.000266220305293903
320,5F62.01.27,0.0004615252508317508,0.0002213766667708294,0.05119400270541485,7.90639885869549e-05,0.0001408138609670182
321,5F62.01.28,0.0004104275624292677,0.0004367139962602186,0.06347070587731103,7.269144243726673e-05,0.0001629433903479692
322,5F62.01.29,0.0003578203131888481,5.7806902380463e-05,0.05411597912443127,5.037453021843028e-06,1.437421949343881e-05
323,5F62.01.3,0.0003453070215343177,2.903238865270198e-05,0.05162646791115019,1.178079227245939e-05,0.0001357934206390012
324,5F62.01.30,0.0004615097814585131,7.751301036569814e-05,0.06172192542587036,1.591321816614975e-05,0.0002132528253348299
325,5F62.01.31,8.786765630184096e-05,6.976961977650959e-05,0.05766310147069093,1.639424949122449e-05,0.0002824164162279592
326,5F62.01.32,8.922437059832084e-05,0.0001322159890068771,0.05672928228325244,0.0003011399409213496,0.0002630595402342595
327,5F62.01.33,6.097060210653596e-09,2.092671770377189e-06,2.715438693864614e-09,1.296462046376441e-06,0.0001187833699252923
328,5F62.01.34,0.0005334224572010118,4.527674541449175e-05,0.06448438480778577,2.24055390650249e-05,0.0007021329395526864
329,5F62.01.35,1.751048759260946e-06,1.448007639891676e-05,0.05826313302980265,1.003349533040704e-05,0.0001956621370492798
330,5F62.01.36,3.197923346810979e-05,0.000114229070150718,0.06662061780816177,1.056592504127999e-05,0.0001549037333978914
331,5F62.01.37,6.311992516978131e-05,9.432524421124961e-05,0.0002248007214088468,5.53566527420382e-06,1.005530460256488e-05
332,5F62.01.38,0.0001786923661647118,0.0002831883478616292,0.05148428075268766,1.312368046994805e-05,0.0001700994801375685
333,5F62.01.39,3.331810871367837e-05,0.0002827878867986809,0.05168128267520285,2.335554476398743e-05,5.545585794513409e-05
334,5F62.01.4,4.750253922124353e-05,0.0005985698711130261,0.05236289876559552,5.159201251280815e-06,6.105784761575441e-05
335,5F62.01.40,0.0006537357920599113,0.000180708359489906,0.05163511324324987,4.881851121776368e-06,0.0001248395496076839
336,5F62.01.41,3.680346837881691e-06,8.492969273517833e-09,1.947676240156862e-12,3.649965170335819e-06,5.399624112489281e-14
337,5F62.01.42,9.353873140072598e-06,3.208553633606975e-06,3.345332219371259e-08,5.0966781535449e-10,3.108822851474606e-05
338,5F62.01.43,1.498755509332904e-06,4.876898393211891e-08,1.68002850203269e-12,2.279680088965422e-06,7.84897449494025e-09
339,5F62.01.44,9.226201486951156e-07,9.980512777137983e-05,0.06273374088936164,3.420733352588643e-05,3.621953048311857e-06
340,5F62.01.45,0.0002047305967963436,1.500828012528863e-05,0.05063306201843557,1.580719557593684e-06,3.925700220391407e-05
341,5F62.01.46,2.319579377528873e-05,4.120923605606025e-06,0.05289327238479175,1.666058700875911e-06,0.0001662023724398442
342,5F62.01.47,1.485033038663031e-05,2.685970029015247e-10,1.275421119335059e-13,1.233585803455896e-10,1.973543518324658e-05
343,5F62.01.48,0.0003055706136521916,0.0001016224901817096,0.05722338449811865,4.348935239746661e-07,0.0002788928625222258
344,5F62.01.49,0.0003406169658641231,4.755076786744028e-05,0.05120462403403624,7.131937776432552e-05,0.0001123993189487125
345,5F62.01.5,8.545723669594937e-05,0.0001048464154093317,0.05975725997098967,1.896594506841638e-05,0.0001467690608468166
346,5F62.01.50,2.004627436237551e-05,1.404108356196497e-05,0.05361277703779805,1.3515577538809e-06,0.0003393066117931888
347,5F62.01.51,0.0005440451374620685,6.640530454698042e-05,0.05085286182994106,4.271787515488762e-05,0.0004067543446027613
348,5F62.01.52,4.906740731341408e-07,1.16116921003296e-05,4.648793474766327e-05,4.490597433903859e-05,2.179953604051301e-05
349,5F62.01.53,0.0008021857603428008,7.864239837764267e-06,0.0003108220273035464,9.109244909339743e-05,1.281393211015841e-05
350,5F62.01.54,0.0004046336221184075,0.0002836623859541375,0.05149929912183614,8.352539335729026e-05,0.000257292778079553
351,5F62.01.55,0.0001975461820588108,0.0003824167429112286,0.05098994202042811,3.26509908261835e-05,0.0005309450670143706
352,5F62.01.56,0.0005442656082373634,0.0001773095676106277,0.0551591972750007,4.214637390414417e-06,1.439253484073024e-05
353,5F62.01.57,0.0001486409868812905,0.0001482727632253774,0.05969698416358926,1.443476151164761e-05,0.0001094737912984391
354,5F62.01.58,0.001265654585351482,0.0001688026531461095,0.05604837929668249,0.0001974678474325212,0.0007444156700351358
355,5F62.01.59,5.778879945643137e-06,2.595340311665546e-09,3.808420095632968e-06,1.06064888244143e-07,1.264269029107595e-05
356,5F62.01.6,3.052198922408805e-06,1.031595773880062e-05,6.889767057800373e-05,3.664451846120895e-05,8.130344172465442e-05
357,5F62.01.60,2.927010768468679e-05,1.412185110985646e-05,0.0003575621120236825,9.337044391759615e-06,7.904343522891311e-05
358,5F62.01.61,1.847398872251634e-05,2.011209450532414e-05,0.05055825235745463,5.821326683431953e-06,0.0001368200468719485
359,5F62.01.62,7.331087816604506e-05,0.0003781045572960295,0.05647604913400532,9.409236208383146e-05,0.0004748939542897393
360,5F62.01.63,4.034126776662709e-07,1.093318999350979e-05,0.0002596060937802239,1.188732637724235e-05,3.541095244196186e-05
361,5F62.01.64,0.0002911653201776134,6.134832125968385e-05,0.05336925648214484,0.000139058217049507,0.0006767098913066651
362,5F62.01.65,0.0005951847718177136,0.0002502799976480645,0.05142870870043798,4.995294416937407e-05,0.0001964883911814523
363,5F62.01.66,0.0002287034316258407,4.526543408482488e-05,0.05521600732131848,1.146822414925395e-05,0.0001619123987784882
364,5F62.01.67,0.0008340006855910171,0.0003358084039327806,0.009570748698400468,0.0001541621407059419,0.0001479439264090983
365,5F62.01.68,0.0001628499975257388,0.0004225036771731647,0.06891718348059943,0.0006552781952294845,0.0006235387796466647
366,5F62.01.69,0.0003233843226393947,8.555578449549297e-07,0.0001357759198461409,0.0002407869912761024,5.816414166939478e-05
367,5F62.01.7,6.37429144573933e-06,0.000177924783262198,0.05141205622382924,1.179459712290279e-05,0.00030069540126077
368,5F62.01.70,5.13166054380067e-05,2.027058572826719e-05,0.0533482984254634,7.831478035716296e-05,0.0002404623961195731
369,5F62.01.71,0.0006232499156990906,0.0001008479648795851,0.05864734582352225,0.0002838687250089581,0.0006002478759070837
370,5F62.01.72,4.215505614487082e-05,2.665908729798329e-07,2.523102131585565e-05,6.636688232476589e-06,7.658619162178019e-05
371,5F62.01.73,0.0008630893273297813,0.0003263106375562867,0.06483927657519215,2.323340591833479e-05,0.0002708602904147125
372,5F62.01.74,1.965040685502327e-06,9.703701917652807e-05,0.05185197657065722,3.057647602792542e-05,0.0005439128849508572
373,5F62.01.75,0.0006299325449481109,9.107388087147567e-05,0.05964437186818079,5.246719538905702e-05,0.0004880745477345009
374,5F62.01.76,1.356442340262824e-05,2.884716093550774e-06,0.05830195546258122,8.468072999263533e-06,0.0002323296429955939
375,5F62.01.77,0.0001964662272490061,0.000552548956499495,0.05269885094520288,6.264026631431624e-07,0.0003572521512238479
376,5F62.01.78,4.246092184549659e-05,9.912729925622646e-05,0.05120621507970263,2.010934171767623e-05,0.0002947963979517804
377,5F62.01.79,0.0002093453743532035,9.628037557005141e-05,0.0562382811560271,1.179501410886038e-06,1.876047219364113e-05
378,5F62.01.8,0.0002000266426014145,0.0001132094469627898,0.05497666148381037,6.878492309001026e-06,0.0001064792840240633
379,5F62.01.80,0.000164151665468515,7.863706101166419e-05,0.05048447384311025,1.115245988859322e-06,0.0004842184715283318
380,5F62.01.81,4.549126242497021e-06,4.962312694433847e-06,0.0003197429670790457,2.799345110136861e-06,8.630241192790115e-05
381,5F62.01.82,6.538013455488387e-06,3.644367636968899e-06,0.050529417556547,1.671915492539721e-07,4.909088615226837e-06
382,5F62.01.83,7.482884284324586e-05,0.0001565973376253134,0.05746376866714265,1.351144989296801e-05,0.0003367175134424772
383,5F62.01.84,5.403648247677669e-05,6.509461821278318e-05,0.05023223830997216,1.767348106208868e-06,0.0001813732364258534
384,5F62.01.85,0.0001144187036714577,5.985785530776496e-05,0.05601768141472507,0.0001452545789167504,0.0002386403980742604
385,5F62.01.86,1.202771969722891e-05,0.0003517996533585588,0.05124397310946267,1.540803164370291e-05,0.0001262894938997427
386,5F62.01.87,0.0001269076547628375,1.900998804981816e-05,6.694759114350191e-05,0.0001802120221123232,6.14118405449609e-05
387,5F62.01.88,0.0004520588899072484,0.0003148503199347751,0.0570780484385619,5.679513842965493e-05,0.0004965559699726229
388,5F62.01.89,0.0002053272399221769,0.0001342745250338461,0.06306405344898597,1.241526835552471e-05,0.0003986491757991203
389,5F62.01.9,0.0002449244930427339,1.050508072902158e-05,0.05202357036429234,7.711487138543404e-06,0.0001634670737172104
390,5F62.01.90,6.14043098729647e-05,7.563143273968441e-05,9.163638314124172e-05,6.987275673201318e-06,3.918389343175183e-05
391,5F62.01.91,2.026755837442123e-05,8.222754193951225e-05,0.05608050349536969,1.167690096438679e-05,0.0001234433927843617
392,5F62.01.92,0.0002496819273645649,4.791601811354715e-05,0.05140810402555705,1.364841047274216e-05,0.0001987198998352534
393,5F62.01.93,2.89969875515848e-05,5.165445153183275e-05,0.05840497966714139,3.240916028951286e-05,0.0003254462848786161
394,5F62.01.94,0.0001174129421339537,7.02243085414606e-05,0.05462600065135204,3.711872897225185e-05,0.0001573901886547001
395,5F62.01.95,4.560052634239103e-05,5.82212867365435e-05,0.05086479844541824,1.800616684154134e-05,0.0002332592913506111
396,5F62.01.96,0.0001359202180679275,5.598684019085843e-06,0.000230506731842656,0.0004040623920127417,9.018106049652924e-05
397,5F62.01.97,2.030135015292883e-07,2.180189081548113e-05,0.0001205711750546861,2.729342321425132e-06,0.0001267504745094987
398,5F62.01.98,0.000251794715356989,0.0003252833200515489,0.05236690899262513,2.468482355923636e-05,0.0002455413124891675
399,5F62.01.99,0.0004402449883525272,1.060359826609583e-05,0.06210245640131054,1.806029363537409e-05,0.0002270256919747142
400,89D2.01.1,7.429634104261247e-05,9.031189659366224e-05,3.986652731905438e-07,3.141864459269899e-06,6.734712261937448e-07
401,89D2.01.10,0.05271207234461378,1.542557151028026e-05,1.564526462135579e-05,3.707784176521658e-06,4.769288813528045e-06
402,89D2.01.100,0.05262199008263039,1.146990660855998e-05,1.584828291841008e-06,0.000103649074431554,1.863484140224809e-05
403,89D2.01.11,0.05005281373172606,2.335178003386302e-05,2.224648596665563e-06,6.847166640009417e-05,7.947285360957717e-05
404,89D2.01.12,4.905611963151601e-06,2.231068717311228e-07,2.3966410657402e-06,1.45275197347955e-06,0.0001199821020246317
405,89D2.01.13,0.05303365674861404,9.564684988573327e-05,3.20634999282426e-08,8.082662194111893e-05,0.0005480196825331456
406,89D2.01.14,0.05699347775802301,3.945639749455048e-05,0.0001007007789483259,0.0002875608933395712,0.0001465855455779353
407,89D2.01.15,9.115383886001629e-08,1.043742172690497e-07,4.954051754278354e-08,1.413809191477359e-05,5.223678566556591e-06
408,89D2.01.16,0.05449381644154781,0.0001034583883991547,1.007441703873807e-05,0.0005153593611682731,0.00012518377512675
409,89D2.01.17,0.05530931444626837,1.290249753555706e-05,1.159945944463683e-06,2.003533143340243e-06,0.000716073023188122
410,89D2.01.18,0.06137920104891784,3.562346707251957e-06,3.963209088208133e-06,1.570281432814835e-05,4.801518847651246e-06
411,89D2.01.19,6.517446801925573e-05,1.942136231165185e-07,0.0001011180891063425,4.633297569780816e-07,0.0002173595015656146
412,89D2.01.2,0.06208562216945619,1.495289752006113e-05,1.218802512868289e-05,7.70691195828959e-05,0.0006817655343519748
413,89D2.01.20,1.891531396916515e-07,4.763882422068348e-06,2.089687685581009e-06,2.181463015869074e-06,0.0003845338072233622
414,89D2.01.21,5.383221949581258e-07,1.658376236220387e-06,2.150132701596329e-07,1.207870688362171e-05,0.000186590405782063
415,89D2.01.22,0.06033360238257175,6.674230877211841e-05,7.227171623464469e-06,6.588102058877991e-07,0.0001395260890064324
416,89D2.01.23,3.68389026174121e-08,4.673874314363457e-06,4.872233460680209e-08,3.668610043328226e-09,4.367186291603987e-05
417,89D2.01.24,6.740493755372379e-08,1.852636123182129e-07,2.522773081455129e-07,2.455260539892855e-09,4.253927807586345e-05
418,89D2.01.25,0.05479293971758766,2.092436521362965e-05,3.204836784021129e-06,5.845536990032874e-07,0.0003897088782885422
419,89D2.01.26,2.523815198124767e-08,8.506723592831201e-07,3.622856167372009e-07,2.263652415031924e-07,8.112394382906296e-05
420,89D2.01.27,1.618427699334095e-07,1.129049121380547e-09,2.006356126305957e-09,2.453270546124606e-14,6.455284110370092e-05
421,89D2.01.28,0.0507172546026198,6.074522569234701e-07,9.642802686781817e-06,3.247014829774733e-05,5.063243172853752e-07
422,89D2.01.29,3.651542863265809e-07,3.486453119165036e-08,1.082760728309533e-07,6.778864384036862e-06,0.0002783812697073129
423,89D2.01.3,6.065952590695402e-06,6.581863694948448e-06,1.576199608845168e-05,1.211788691859556e-06,0.0003077650534804719
424,89D2.01.30,0.06455993586412029,9.564054675840133e-06,3.31398025612277e-06,3.629552235956154e-07,0.002621254451166924
425,89D2.01.31,0.06776282915428483,1.468268910211016e-05,1.024562729482869e-06,4.216469271564863e-05,6.545038263829093e-05
426,89D2.01.32,0.0164080223585319,8.740639173016638e-05,6.529654319554187e-05,1.927746940147185e-05,0.001211460240675834
427,89D2.01.33,0.05527788772148737,4.486912978968086e-05,8.291361443908251e-07,1.413490319469064e-06,0.0002026665796490961
428,89D2.01.34,0.05550251769629421,0.0002163172235180917,2.405468437965762e-05,0.0001659795964436975,0.0001156881980241787
429,89D2.01.35,0.05541574012887282,1.611625564860518e-05,1.484694720102767e-05,7.26135965937956e-05,0.0003419695230044401
430,89D2.01.36,1.402556484711008e-05,9.5998962030967e-09,0.0001020765899196,9.649760613405356e-07,4.255811527484092e-06
431,89D2.01.37,5.495153293525216e-08,5.883736467709164e-08,1.24197647442719e-08,1.63938485906204e-07,0.0001608105157571356
432,89D2.01.38,0.05222590574950003,4.834814035825211e-05,2.830725097271879e-05,3.202697023379595e-05,5.112980401743182e-05
433,89D2.01.39,0.04330831536429701,2.421637484074428e-06,1.183419677450669e-06,2.795358490944616e-07,0.0001151676140811573
434,89D2.01.4,2.693909175744077e-07,4.989686996390124e-05,1.551254480561617e-05,5.314331143557625e-06,3.328124520388582e-05
435,89D2.01.40,0.05295603288477158,7.654096653354272e-05,7.772236267519899e-07,1.142014915099299e-06,0.0004108328077917563
436,89D2.01.41,3.460360164209598e-06,2.555911124301271e-06,4.490297867503441e-07,1.233738266955835e-06,0.0003053351164009658
437,89D2.01.42,0.0628012094702699,6.329377776392216e-05,7.451472634912053e-06,3.761877891801736e-06,0.0003786188379841619
438,89D2.01.43,0.0528948271163095,6.254000560761252e-06,1.049830759427879e-05,2.394635559122276e-05,0.0003719019357280468
439,89D2.01.44,0.001424505777890363,4.508856755137779e-06,3.003289488959362e-05,0.0001384318636307139,0.0001362558196342517
440,89D2.01.45,0.05545331426621403,0.0001339565768305482,6.777816125793111e-07,0.0001083992340697837,0.0005137468663489084
441,89D2.01.46,0.05233076230642253,3.165732140341062e-05,7.708355171550729e-06,3.225610968223093e-05,0.0001082751592798145
442,89D2.01.47,7.548787603422617e-08,1.263201217191499e-05,9.945338085025059e-06,1.163793662243948e-08,8.852574324054169e-05
443,89D2.01.48,0.05255945904862781,1.707934322219056e-05,2.20799058728167e-07,4.750268627587494e-06,4.093161543046099e-06
444,89D2.01.49,0.0511668494690834,3.002488049015864e-05,2.325699698888931e-06,1.180555755366308e-06,7.569644228327567e-05
445,89D2.01.5,5.604218399391322e-07,3.275290969665083e-06,9.131801447979357e-06,6.05646218066596e-06,0.0002687038976048687
446,89D2.01.50,0.05848143453364181,1.148577767837566e-05,8.589219694328307e-06,1.871179453638512e-06,0.0001823973866734401
447,89D2.01.51,0.003883122153320586,6.541764381101758e-06,3.781641775952968e-06,1.002994717800569e-05,8.780224897757446e-05
448,89D2.01.52,0.06862106202652885,1.666654002126203e-05,4.680852015676688e-05,5.475069189037914e-05,3.156805280670793e-05
449,89D2.01.53,3.609599124850483e-05,2.484129524134619e-05,3.525419406845145e-05,2.407859107594863e-05,0.0004910740697862968
450,89D2.01.54,0.06717275393022003,7.107886364348266e-05,2.440044663778218e-06,2.134590920187001e-05,0.0001372934279744173
451,89D2.01.55,0.06052413224645621,5.532035305806107e-06,1.165264622214822e-06,5.810134288602829e-06,0.0003700386166480392
452,89D2.01.56,9.490317642134756e-07,9.495613396496492e-07,0.0001150064742626389,1.831640069481432e-07,0.0001982470948170086
453,89D2.01.57,2.774675353620432e-07,1.100015573922898e-05,1.430466021952613e-05,3.152627032341064e-06,4.987455297589763e-05
454,89D2.01.58,1.757186984566003e-07,6.099134855502851e-09,2.924393526644558e-05,6.39336170367667e-08,5.709925957113213e-07
455,89D2.01.59,0.05924139789539306,0.0001165548279413589,4.150353137762171e-05,1.163476356043831e-05,0.000147013722752764
456,89D2.01.6,2.598441645252009e-05,5.681957044193082e-06,3.640579631081281e-06,5.138660560261675e-06,0.0002624860307696967
457,89D2.01.60,2.088744278893608e-06,3.219935992954085e-06,2.62039690253321e-06,1.561539382964012e-06,3.107302997399879e-05
458,89D2.01.61,0.05106308148419735,4.78452202916268e-05,4.599260289908364e-06,4.5217207581704e-05,4.100818920104098e-05
459,89D2.01.62,2.42081558372095e-05,1.495121576253094e-06,1.354861976896867e-06,4.776731758464139e-06,0.0002854566337306699
460,89D2.01.63,0.06018494067113738,7.251116301548886e-06,3.20060919001443e-07,2.05741654234733e-07,0.000109123898588334
461,89D2.01.64,0.05334272789192875,0.0001253952872300923,7.179434239042521e-06,7.679936219723044e-05,2.540876791253039e-05
462,89D2.01.65,0.002925400301860835,7.529730099104372e-06,1.100403713506737e-05,0.000134334004439937,0.0005059915552475832
463,89D2.01.66,4.359620137147226e-07,1.73147078118874e-07,0.0001387749545548185,4.901272918830573e-07,4.199511323700421e-06
464,89D2.01.67,0.05484389705328439,2.430562152026487e-05,6.810743347150949e-05,0.0001053420623085897,0.0004046402300358278
465,89D2.01.68,9.54212122796478e-07,6.724337293177586e-06,9.553500134726416e-11,1.814229374874544e-07,1.917544770148554e-05
466,89D2.01.69,0.06044960255937926,4.078428472208219e-05,4.952288922796384e-08,0.0002255387144930225,0.0004771570184612748
467,89D2.01.7,0.06507893356134768,1.013671820334961e-05,2.019966361433771e-07,0.0003419007718054217,0.0002585780060009878
468,89D2.01.70,3.799540574211701e-07,2.202542571958802e-09,1.013945889445322e-06,4.320730436890807e-07,3.268334725125036e-05
469,89D2.01.71,0.05313178875371566,4.280685747725304e-05,5.493652025832274e-06,6.041021739666423e-06,0.0002350968703948294
470,89D2.01.72,4.501832394266337e-09,9.563717125320677e-06,3.238278432812973e-06,9.031952039147971e-07,8.065106787709234e-05
471,89D2.01.73,0.0002832349184221318,1.729142764523287e-06,1.79103139025153e-06,6.840464505798843e-06,2.510004504033327e-05
472,89D2.01.74,0.05868040333091864,6.683765834783353e-07,1.570232858338886e-07,5.081007606660076e-07,7.622426647490934e-05
473,89D2.01.75,0.05713140343598517,3.135302953585426e-05,7.599237916672789e-07,1.9363462804601e-05,3.234149270097887e-05
474,89D2.01.76,0.001148195046720074,3.963289650898063e-06,2.322224184034482e-06,2.156707882194084e-05,7.100038150816687e-05
475,89D2.01.77,0.05782966182212014,2.65507746514912e-05,3.605922311783906e-08,8.125813792063127e-05,0.0001241058567785807
476,89D2.01.78,0.05428508371870983,6.773981194940219e-07,2.432566463586408e-06,0.0001640441721523206,0.0001266812737345098
477,89D2.01.79,0.0001410345093813318,1.169877198021979e-05,7.019206900915877e-08,2.831883469616776e-07,2.403321890107524e-05
478,89D2.01.8,0.05729475106448352,6.317445400230465e-05,3.271440217290729e-06,0.0001493880390062277,0.0006664212904189705
479,89D2.01.80,0.05387644938497133,2.466295898073623e-05,7.252139303810633e-07,9.266960474024463e-05,0.0001870819883038718
480,89D2.01.81,0.06130696703773231,5.035691802844825e-06,1.234910703702201e-06,0.0002166040331862757,0.0002704292064844988
481,89D2.01.82,0.0557581984700876,4.479744026349549e-05,0.0001203901725664498,4.27961505595216e-05,9.060856653298608e-05
482,89D2.01.83,0.05339836327857281,8.473229948805673e-06,1.534513887061381e-05,2.042281897621581e-06,0.0002557553584692375
483,89D2.01.84,4.272289652583286e-07,1.047940237390412e-06,4.499426955096091e-07,4.147826922806505e-05,0.000136420677384922
484,89D2.01.85,0.0002702692911070553,1.596962665333121e-05,8.629780949397465e-06,3.367971305911585e-09,4.495976427142289e-05
485,89D2.01.86,0.05311786454692057,8.224737951774647e-05,2.57496057192756e-05,0.0002622276153997754,0.0001203715588189044
486,89D2.01.87,0.06282305262127863,7.91382806691738e-05,0.0003267943457211097,3.331371380831456e-05,0.0004227387310545562
487,89D2.01.88,3.896410000718689e-05,1.755149466305401e-05,5.184139665451171e-05,0.0003810299457799746,0.000332551942308756
488,89D2.01.89,0.0005961878691268827,9.137588930358474e-06,1.773599508543526e-05,4.146673576478563e-07,3.727608210257219e-05
489,89D2.01.9,2.010289896854776e-08,2.226029526604989e-07,5.11982669956647e-08,4.424073755716563e-05,4.754819244819762e-05
490,89D2.01.90,1.006572036639369e-06,9.371211092046133e-06,8.963011974144394e-08,1.13872149785291e-06,5.268286271347256e-05
491,89D2.01.91,0.05678177907267399,9.967012309078202e-06,8.389495100264201e-06,1.477610005343667e-05,0.0001609452495714755
492,89D2.01.92,0.05112646761611683,7.16825578868999e-05,2.636728311856741e-06,1.118642284211492e-06,3.083016351778621e-05
493,89D2.01.93,0.05492385026544282,0.0001962886748383408,2.562296886378977e-06,0.0001849116751833777,0.0003908934987273821
494,89D2.01.94,0.0002879506483256546,1.331640277470527e-07,3.77079564325757e-06,5.222054456780381e-06,7.516657394722615e-05
495,89D2.01.95,0.05961761071155566,4.688012088094499e-06,3.421820282105389e-06,2.634771891312707e-05,0.0002974768329941003
496,89D2.01.96,0.05829714661900193,1.148874824865278e-05,1.752936197939459e-06,2.606823862292652e-05,0.000352483700862647
497,89D2.01.97,0.05591855210797939,3.323765405776238e-05,2.676015670556519e-05,0.0002302504944540559,0.0001703992635500439
498,89D2.01.98,0.06224272122985652,7.60614983502356e-06,1.472877558996717e-05,3.206408043381075e-06,0.0001341320983087103
499,89D2.01.99,0.0001096754025112612,2.834268656151205e-06,1.040279434065518e-06,2.587351562632996e-08,6.140213810699029e-05
